Position,Cost Per Hire,Company Stage,Company Location,Notable Investor(s),Recruiter Name
"Software Engineering Manager, Platform and Applications",$4.0K,Seed,"Berkeley, CA",Y Combinator,View Recruiter
Smart Contract / Blockchain Engineer,$6.6K,Seed,"Detroit, MI",Ambient,View Recruiter
Integration Engineer,$3.2K,Seed,"Berkeley, CA",Y Combinator,View Recruiter
"Senior Software Engineer, Platform Tooling",$23.4K,Series A,"Boston, MA","Atlassian Ventures, Tiger Global Management, Slack Fund",View Recruiter
Founding Software Engineer,$6.9K,Seed,"New York, NY","South Park Commons, Tau Ventures",View Recruiter
Account Executive,$9.0K,Series A,"New York, NY",Fiat Ventures,View Recruiter
People Operations Lead,$3.5K,Series A,"Oakland, CA","Thrive Capital, Index Ventures, Canvas Ventures",View Recruiter
Senior Product Designer,$10.5K,Series A,"New York, NY",Scale Ventures,View Recruiter
Smart Contract / Blockchain Engineer,$6.6K,Seed,"Detroit, MI",Ambient,View Recruiter
Enterprise Customer Success Manager,$2.9K,Series A,"New York, NY",Fiat Ventures,View Recruiter
Software Engineer - Frontend,$7.8K,Series A,"San Francisco, CA","Andreessen Horowitz, Tiger Global",View Recruiter
"Software Engineer, Fullstack (San Francisco)",$6.8K,Series B,"New York, NY","Index Ventures, Founders Fund",View Recruiter
Senior Leadership Experience Designer,$3.0K,Seed,"San Francisco, CA",Reach Capital,View Recruiter
Founding AE,$1.0K,Pre-seed,"Spokane, WA",–,View Recruiter
GTM Associate,$3.5K,Series A,"Oakland, CA","Thrive Capital, Index Ventures, Canvas Ventures",View Recruiter
iOS Engineer,$7.3K,Seed,"New York, NY","Sequoia Capital, BoxGroup",View Recruiter
Generalist Engineer (Full Stack),$5.1K,Seed,"Brooklyn, NY",Y Combinator,View Recruiter
Senior Software Backend Engineer,$7.8K,Series A,"San Francisco, CA",Northzone,View Recruiter
Senior iOS Engineer,$17.6K,Seed,"San Francisco, CA",Y Combinator,View Recruiter
Senior Technical Customer Support Associate,$7.0K,Series B,"Dallas, TX","Insight Partners, Story Ventures",View Recruiter
Backend Engineer,$1.8K,Seed,"San Francisco, CA",Floodgate,View Recruiter
Full Stack Software Engineer,$18.5K,Series A,"New York, NY",Y Combinator and Craft Ventures,View Recruiter
Senior Software Engineer: Backend Product,$2.8K,Seed,"San Francisco, CA",–,View Recruiter
Enterprise Account Executive,$6.1K,Series B,"San Francisco, CA","Y Combinator, Scale Ventures",View Recruiter
Full Stack Software Engineer,$3.1K,Series A,"San Francisco, CA",Y Combinator and Craft Ventures,View Recruiter
Account Executive,$6.0K,Series A,"San Francisco, CA",Northzone,View Recruiter
General Counsel,$5.0K,Series B,"San Francisco, CA",General Catalyst,View Recruiter
Principal Wealth Manager,$6.0K,Series A,"Oakland, CA","Thrive Capital, Index Ventures, Canvas Ventures",View Recruiter
Senior Software Engineer,$15.7K,Seed,"Glen Cove, NY",Forerunner and Pear VC,View Recruiter
Research Engineer,$0.6K,Seed,"San Francisco, CA",–,View Recruiter
"Software Engineer, Fullstack (San Francisco)",$6.8K,Series B,"New York, NY","Index Ventures, Founders Fund",View Recruiter
Clinical Trial Associate,$1.5K,Series B,"San Francisco, CA",General Catalyst,View Recruiter
"Research Associate, Antibody + New Modalities",$1.5K,Series B,"San Francisco, CA",General Catalyst,View Recruiter
Customer Support Specialist,$5.0K,Series A,"New York, NY","Bessemer, Coatue, Bedrock, Base10",View Recruiter
Education Analyst,$0.9K,Series B,"San Francisco, CA",General Catalyst,View Recruiter
Senior Associate - Strategy and Operations,$3.2K,Series B,"San Francisco, CA",General Catalyst,View Recruiter
Smart Contract / Blockchain Engineer,$9.9K,Series A,"San Francisco, CA","Bain, Google Ventures, Y Combinator",View Recruiter
"Senior Strategic Growth Associate, Advisor Recruiting",$4.5K,Series A,"Oakland, CA","Thrive Capital, Index Ventures, Canvas Ventures",View Recruiter
Enterprise Customer Success Manager,$8.0K,Series A,"San Francisco, CA",Northzone,View Recruiter
Senior Software Backend Engineer,$2.9K,Series A,"New York, NY",Fiat Ventures,View Recruiter
Customer Success Manager,$7.0K,Series B,"New York, NY",General Catalyst,View Recruiter
Product Designer,$5.0K,Series A,"San Francisco, CA","Founders Fund, Andreessen Horowitz",View Recruiter
Implementation Manager,$3.5K,Series A,"San Francisco, CA","Founders Fund, Andreessen Horowitz",View Recruiter
"Research Associate, Antibody + New Modalities",$1.5K,Series B,"San Francisco, CA",General Catalyst,View Recruiter
Customer Support Specialist,$5.2K,Series A,"New York, NY","Bessemer, Coatue, Bedrock, Base10",View Recruiter
Senior Software Engineer,$6.0K,Series A,"Oakland, CA","Thrive Capital, Index Ventures, Canvas Ventures",View Recruiter
Senior Enterprise Account Executive,$3.5K,Series A,"Oakland, CA","Thrive Capital, Index Ventures, Canvas Ventures",View Recruiter
Account Executive SMB,$5.0K,Seed,"New York, NY","Kleiner Perkins, Bedrock Capital",View Recruiter
"Senior Software Engineer, Frontend (North America)",$5.6K,Series C+,"Cambridge, MA",Public Company,View Recruiter
Chief of Staff,$3.0K,Seed,"New York, NY","Sequoia Capital, BoxGroup",View Recruiter
Software Engineer,$0.6K,Seed,"San Francisco, CA",–,View Recruiter
Advisor Success Manager,$2.5K,Series A,"Oakland, CA","Thrive Capital, Index Ventures, Canvas Ventures",View Recruiter
Backend Engineer,$1.8K,Seed,"San Francisco, CA",Floodgate,View Recruiter
Android Engineer,$17.6K,Seed,"San Francisco, CA",Y Combinator,View Recruiter
Senior Software Engineer,$5.0K,Series A,"Oakland, CA","Thrive Capital, Index Ventures, Canvas Ventures",View Recruiter
General Counsel,$3.0K,Series B,"San Francisco, CA",General Catalyst,View Recruiter
Senior Customer Success Manager,$9.0K,Series A,"New York, NY","Index Ventures, Y Combinator",View Recruiter
Principal Investigator (Medical Doctor),$3.5K,Series B,"San Francisco, CA",General Catalyst,View Recruiter
Backend Engineer,$3.0K,Series A,"Palo Alto, CA",Insight Partners,View Recruiter
Product Designer,$5.3K,Series A,"Denver, Colorado",VMG Partners,View Recruiter
Backend Engineer,$1.8K,Seed,"San Francisco, CA",Floodgate,View Recruiter
Account Executive,$1.8K,Seed,"San Francisco, CA",Floodgate,View Recruiter
Mental Health Therapist,$1.1K,Seed,"New York, NY",Village Global,View Recruiter
Senior Client Associate,$5.0K,Series A,"Oakland, CA","Thrive Capital, Index Ventures, Canvas Ventures",View Recruiter
QA Engineer,$5.1K,Series A,"Denver, Colorado",VMG Partners,View Recruiter
Backend Engineer,$1.8K,Seed,"San Francisco, CA",Floodgate,View Recruiter
Enterprise Account Executive,$7.1K,Series B,"San Francisco, CA","Y Combinator, Scale Ventures",View Recruiter
Customer Success,$10.8K,Series A,"New York, NY",Fiat Ventures,View Recruiter
Finance and Biz Ops Associate,$3.0K,Series A,"Oakland, CA","Thrive Capital, Index Ventures, Canvas Ventures",View Recruiter
Android Engineer,$8.2K,Series A,"San Francisco, CA",Bling Capital,View Recruiter
Customer Success Manager,$5.0K,Series A,"Palo Alto, CA",Insight Partners,View Recruiter
Marketing Campaign Specialist - Client Marketing & Acquisition,$5.8K,Series B,"New York, NY","Index Ventures, The Weeknd, Post Malone",View Recruiter
"Senior Strategic Growth Associate, Advisor Recruiting",$4.5K,Series A,"Oakland, CA","Thrive Capital, Index Ventures, Canvas Ventures",View Recruiter
"Software Engineer, Full-Stack",$5.0K,Series A,"San Francisco, CA","Founders Fund, Andreessen Horowitz",View Recruiter
Engineering Manager,$8.2K,Series A,"San Francisco, CA",Bling Capital,View Recruiter
Enterprise Business Development Representative,$6.3K,Series B,"San Francisco, CA","Y Combinator, Tola Capital, Scale Ventures",View Recruiter
Mental Health Therapist,$1.1K,Seed,"New York, NY",Village Global,View Recruiter
Sales Development Representative,$2.8K,Series A,"San Francisco, CA","Founders Fund, Andreessen Horowitz",View Recruiter
Strategic Finance Lead,$6.0K,Series A,"San Francisco, CA","Founders Fund, Andreessen Horowitz",View Recruiter
Fullstack Web Engineer,$8.2K,Series A,"San Francisco, CA",Bling Capital,View Recruiter
Senior Product Designer,$4.3K,Seed,"New York, NY","Sequoia Capital, BoxGroup",View Recruiter
Founding Senior Software Engineer,$4.2K,Seed,"San Francisco, CA",Reach Capital,View Recruiter
Customer Success Manager,$6.5K,Series A,"New York, NY",Scale Ventures,View Recruiter
Business Development Representative,$4.5K,Series A,"San Francisco, CA",Northzone,View Recruiter
Enterprise Customer Success Manager,$2.9K,Series A,"New York, NY",Fiat Ventures,View Recruiter
Backend Engineer,$4.0K,Series A,"Palo Alto, CA",Insight Partners,View Recruiter
"Customer Success Manager, SMB",$3.5K,Series A,"San Francisco, CA","Founders Fund, Andreessen Horowitz",View Recruiter
UXR Associate,$2.7K,Series A,"New York, NY","Index Ventures, Y Combinator",View Recruiter
"QA Analyst, Manual Testing",$1.0K,Series A,"Palo Alto, CA",Insight Partners,View Recruiter
"Software Engineer, Full-Stack",$4.5K,Series A,"San Francisco, CA","Founders Fund, Andreessen Horowitz",View Recruiter
Sales Development Representative,$2.8K,Series A,"San Francisco, CA","Founders Fund, Andreessen Horowitz",View Recruiter
Executive Director - Ophthalmology,$9.0K,Series B,"San Francisco, CA",General Catalyst,View Recruiter
Content Marketing Manager,$9.0K,Series A,"New York, NY",Fiat Ventures,View Recruiter
"Software Engineer, Full-Stack",$4.5K,Series A,"San Francisco, CA","Founders Fund, Andreessen Horowitz",View Recruiter
Associate Product Manager - Data Integrations,$5.0K,Series B,"Dallas, TX","Insight Partners, Story Ventures",View Recruiter
Senior Product Designer,$4.8K,Series A,"Oakland, CA","Thrive Capital, Index Ventures, Canvas Ventures",View Recruiter
Principal Wealth Manager,$6.0K,Series A,"Oakland, CA","Thrive Capital, Index Ventures, Canvas Ventures",View Recruiter
AI Solutions Lead,$5.5K,Series A,"Oakland, CA","Thrive Capital, Index Ventures, Canvas Ventures",View Recruiter
Chief of Staff,$3.7K,Series A,"Palo Alto, CA",Insight Partners,View Recruiter
Senior Enterprise Account Executive,$5.8K,Series B,"New York, NY","Index Ventures, The Weeknd, Post Malone",View Recruiter
Regulatory Writing Research Associate,$1.0K,Series B,"San Francisco, CA",General Catalyst,View Recruiter
AI Staff Software Engineer,$10.5K,Series A,"New York, NY",Scale Ventures,View Recruiter
Senior Software Engineer,$6.0K,Series B,"San Francisco, CA",General Catalyst,View Recruiter
Fullstack Engineer,$5.4K,Series B,"San Francisco, CA",General Catalyst,View Recruiter
Marketing Generalist,$1.8K,Seed,"San Francisco, CA",Floodgate,View Recruiter
Backend Engineer,$3.5K,Series A,"Palo Alto, CA",Insight Partners,View Recruiter
Enterprise Account Executive,$7.1K,Series B,"San Francisco, CA","Y Combinator, Scale Ventures",View Recruiter
Software Engineer - Frontend,$7.8K,Series A,"San Francisco, CA","Andreessen Horowitz, Tiger Global",View Recruiter
Software Engineer - Backend,$3.0K,Series A,"Palo Alto, CA",Insight Partners,View Recruiter
Business Development Representative,$5.4K,Series B,"San Francisco, CA",General Catalyst,View Recruiter
Vertical Marketing Lead,$4.4K,Series C+,"Lehi, UT","Y Combinator, Summit Partners, Accel",View Recruiter
Enterprise Account Executive,$5.2K,Series B,"San Francisco, CA","Y Combinator, Scale Ventures",View Recruiter
Marketing Director,$4.5K,Series A,"Mountain View, CA","Y Combinator, Spero Ventures",View Recruiter
Controller,$4.0K,Series B,"San Francisco, CA",General Catalyst,View Recruiter
Software Engineer - Backend,$4.0K,Series A,"Palo Alto, CA",Insight Partners,View Recruiter
"Software Engineer, Backend & Integrations",$4.8K,Series A,"San Francisco, CA","Founders Fund, Andreessen Horowitz",View Recruiter
Enterprise Business Development Representative,$9.4K,Series A,"New York, NY","Index Ventures, Y Combinator",View Recruiter
Processing Facility Specialist,$3.1K,Series A,"San Francisco, CA",Y Combinator and Craft Ventures,View Recruiter
Director of Business Development & Licensing,$8.0K,Series B,"San Francisco, CA",General Catalyst,View Recruiter
Marketing Campaign Specialist - Client Marketing & Acquisition,$8.0K,Series A,"Oakland, CA","Thrive Capital, Index Ventures, Canvas Ventures",View Recruiter
Data Engineer,$5.8K,Series A,"Victoria, Canada",Lightspeed and Bain,View Recruiter
Smart Contract / Blockchain Engineer,$6.6K,Seed,"Detroit, MI",Ambient,View Recruiter
Accounts Receivable Coordinator,$1.0K,Series B,"San Francisco, CA",General Catalyst,View Recruiter
Analytics Engineer,$8.1K,Series B,"New York, NY",General Catalyst,View Recruiter
Business Development Representative,$3.7K,Series A,"San Francisco, CA",Northzone,View Recruiter
Associate - Strategy,$2.7K,Series A,"New York, NY","Index Ventures, Y Combinator",View Recruiter
Director of Engineering,$6.5K,Series A,"San Francisco, CA",Northzone,View Recruiter
Chief of Staff - Rebates,$5.2K,Seed,"New York, NY","Sequoia Capital, BoxGroup",View Recruiter
Processing Facility Specialist,$3.1K,Series A,"San Francisco, CA",Y Combinator and Craft Ventures,View Recruiter
Revenue Operations Specialist,$8.0K,Series A,"New York, NY","Index Ventures, Y Combinator",View Recruiter
"Software Engineer, Backend & Integrations",$4.8K,Series A,"San Francisco, CA","Founders Fund, Andreessen Horowitz",View Recruiter
Head of Quality,$4.5K,Series B,"San Francisco, CA",General Catalyst,View Recruiter
Office Manager,$4.5K,Series A,"Mountain View, CA","Y Combinator, Spero Ventures",View Recruiter
Principal Wealth Manager,$6.0K,Series A,"Oakland, CA","Thrive Capital, Index Ventures, Canvas Ventures",View Recruiter
Customer Support Specialist,$5.3K,Series A,"New York, NY","Bessemer, Coatue, Bedrock, Base10",View Recruiter
Head Of Sales,$7.6K,Series A,"San Francisco, CA",Northzone,View Recruiter
Full Stack Technical Lead,$0.9K,Series B,"San Francisco, CA",General Catalyst,View Recruiter
Senior Software Engineer,$10.0K,Series B,"San Francisco, CA",Waterline Ventures,View Recruiter
Frontend Engineer,$10.0K,Series B,"San Francisco, CA","Y Combinator, Scale Ventures",View Recruiter
Fullstack Engineer,$5.4K,Series B,"San Francisco, CA",General Catalyst,View Recruiter
Software Engineer,$5.8K,Series B,"New York, NY","Index Ventures, The Weeknd, Post Malone",View Recruiter
Customer Success Manager,$6.5K,Series A,"New York, NY",Scale Ventures,View Recruiter
Senior Full Stack Engineer,$2.9K,Series A,"New York, NY",Fiat Ventures,View Recruiter
Solutions Advisor,$11.0K,Series B,"San Francisco, CA","Y Combinator, Scale Ventures",View Recruiter
Senior Software Engineer,$12.0K,Seed,"Glen Cove, NY",Forerunner and Pear VC,View Recruiter
"Research Associate, Antibody + New Modalities",$3.0K,Series B,"San Francisco, CA",General Catalyst,View Recruiter
Director Of Customer Success,$6.3K,Series A,"Fort Wayne, IN","Altair Capital, Funder's Club, Garage Capital",View Recruiter
Product Design Intern,$2.7K,Series A,"New York, NY","Index Ventures, Y Combinator",View Recruiter
Project Manager,$4.0K,Series B,"San Francisco, CA",General Catalyst,View Recruiter
Senior Technical Customer Support Associate,$7.0K,Series B,"Dallas, TX","Insight Partners, Story Ventures",View Recruiter
Enterprise Account Executive,$5.8K,Series A,"Victoria, Canada",Lightspeed and Bain,View Recruiter
Integrated Marketing Lead,$7.1K,Series B,"New York, NY",General Catalyst,View Recruiter
Product Marketer,$3.1K,Series A,"San Francisco, CA",Y Combinator and Craft Ventures,View Recruiter
Solutions Advisor,$10.5K,Series B,"San Francisco, CA","Y Combinator, Scale Ventures",View Recruiter
Founding Backend Engineer,$13.1K,Seed,"San Francisco, CA",Andreessen Horowitz,View Recruiter
Accounts Payable Specialist,$2.7K,Series A,"New York, NY","Index Ventures, Y Combinator",View Recruiter
Implementation Manager,$2.1K,Series A,"Fort Wayne, IN","Altair Capital, Funder's Club, Garage Capital",View Recruiter
Business Development Representative,$4.0K,Series A,"San Francisco, CA",Northzone,View Recruiter
Sales Development Representative,$2.8K,Series A,"San Francisco, CA","Founders Fund, Andreessen Horowitz",View Recruiter
Associate - Competitive Intelligence,$2.2K,Series B,"San Francisco, CA",General Catalyst,View Recruiter
Senior Product Designer,$6.8K,Series B,"New York, NY","Index Ventures, Founders Fund",View Recruiter
Product Support Specialist,$6.8K,Series B,"New York, NY","Index Ventures, Founders Fund",View Recruiter
Full Stack Software Engineer,$13.5K,Series A,"New York, NY",Y Combinator and Craft Ventures,View Recruiter
Product Trainer,$2.7K,Seed,"New York, NY","Sequoia Capital, Bling Capital, BoxGroup",View Recruiter
Founding Software Engineer,$7.2K,Seed,"Burlingame, CA",John Danner,View Recruiter
Software Engineer,$5.8K,Series B,"New York, NY","Index Ventures, The Weeknd, Post Malone",View Recruiter
"Senior Software Engineer, Platform Tooling",$29.7K,Series C+,"San Francisco, CA","Insight Partners, Felicis, Coatue",View Recruiter
Customer Support Specialist,$5.2K,Series A,"New York, NY","Bessemer, Coatue, Bedrock, Base10",View Recruiter
Senior Software Backend Engineer,$6.8K,Series A,"San Francisco, CA",Northzone,View Recruiter
Senior Client Associate,$5.8K,Series B,"New York, NY","Index Ventures, The Weeknd, Post Malone",View Recruiter
Accounts Receivable Coordinator,$1.2K,Series B,"San Francisco, CA",General Catalyst,View Recruiter
Salt Lake City Field Account Executive,$6.4K,Series C+,"Lehi, UT","Y Combinator, Summit Partners, Accel",View Recruiter
Sales Development Representative,$2.8K,Series A,"San Francisco, CA","Founders Fund, Andreessen Horowitz",View Recruiter
Senior iOS Engineer,$15.0K,Series A,"San Francisco, CA",Bling Capital,View Recruiter
Product Designer,$3.1K,Series A,"San Francisco, CA",Y Combinator and Craft Ventures,View Recruiter
Implementation Manager,$2.1K,Series A,"Fort Wayne, IN","Altair Capital, Funder's Club, Garage Capital",View Recruiter
Technical Customer Success Manager - East Coast,$10.1K,Series B,"Dallas, TX","Insight Partners, Story Ventures",View Recruiter
Principal Wealth Manager,$6.0K,Series A,"Oakland, CA","Thrive Capital, Index Ventures, Canvas Ventures",View Recruiter
Senior Product Marketing Content Writer,$10.8K,Series A,"New York, NY",Scale Ventures,View Recruiter
Senior Enterprise Account Executive,$3.5K,Series A,"Oakland, CA","Thrive Capital, Index Ventures, Canvas Ventures",View Recruiter
Software Engineering Intern,$1.0K,Series B,"San Francisco, CA",General Catalyst,View Recruiter
SDR,$8.1K,Series B,"San Francisco, CA","Founders Fund, Bain Capital, Thrive Capital",View Recruiter
Launch Operations Analyst,$7.2K,Series A,"New York, NY","Bessemer, Coatue, Bedrock, Base10",View Recruiter
Implementation Manager,$4.5K,Series A,"San Francisco, CA","Founders Fund, Andreessen Horowitz",View Recruiter
Customer Success Associate,$6.8K,Series B,"New York, NY","Index Ventures, Founders Fund",View Recruiter
Senior Product Designer,$10.2K,Series B,"San Francisco, CA","Y Combinator, Scale Ventures",View Recruiter
Senior Backend Engineer,$8.0K,Series A,"New York, NY",Y Combinator and Craft Ventures,View Recruiter
"Research Associate, Antibody + New Modalities",$2.5K,Series B,"San Francisco, CA",General Catalyst,View Recruiter
Product Trainer,$2.7K,Seed,"New York, NY","Sequoia Capital, Bling Capital, BoxGroup",View Recruiter
Business Analyst,$1.8K,Seed,"San Francisco, CA",Floodgate,View Recruiter
Small Business Account Executive (UK/Ireland),$5.6K,Series C+,"Cambridge, MA",Public Company,View Recruiter
Professional Services Engineer,$5.0K,Series A,"San Francisco, CA","Founders Fund, Andreessen Horowitz",View Recruiter
Generalist Engineer (Full Stack),$5.1K,Seed,"Brooklyn, NY",Y Combinator,View Recruiter
Graphic Designer,$9.5K,Series A,"New York, NY",Scale Ventures,View Recruiter
Head Of Customer Success,$15.0K,Series A,"New York, NY","Index Ventures, Y Combinator",View Recruiter
Software Engineer Intern,$1.0K,Series B,"San Francisco, CA",General Catalyst,View Recruiter
Product Trainer,$2.7K,Seed,"New York, NY","Sequoia Capital, Bling Capital, BoxGroup",View Recruiter
Growth Marketing Manager,$2.1K,Series A,"Fort Wayne, IN","Altair Capital, Funder's Club, Garage Capital",View Recruiter
Implementation Manager,$8.9K,Series B,"San Francisco, CA",Waterline Ventures,View Recruiter
Strategy and Operations Associate,$1.5K,Series B,"San Francisco, CA",General Catalyst,View Recruiter
Backend Engineer,$1.8K,Seed,"San Francisco, CA",Floodgate,View Recruiter
Sales Development Representative,$2.8K,Series A,"San Francisco, CA","Founders Fund, Andreessen Horowitz",View Recruiter
Principal Wealth Manager,$5.0K,Series A,"Oakland, CA","Thrive Capital, Index Ventures, Canvas Ventures",View Recruiter
Implementation Team Lead,$11.0K,Series C+,"New York, NY","Navitas Capital, Sapphine Ventures",View Recruiter
Account Executive,$9.0K,Series A,"New York, NY",Fiat Ventures,View Recruiter
"Research Assistant, Antibody and New Modalities",$3.5K,Series B,"San Francisco, CA",General Catalyst,View Recruiter
Frontend Engineer,$10.5K,Series A,"New York, NY",Scale Ventures,View Recruiter
Technical Customer Success Manager,$6.0K,Series B,"Dallas, TX","Insight Partners, Story Ventures",View Recruiter
Customer Success Manager,$6.3K,Series A,"New York, NY",Northzone,View Recruiter
Product Analyst (Remote - Ireland),$5.6K,Series C+,"Cambridge, MA",Public Company,View Recruiter
AI Technical Product Manager,$13.0K,Series B,"San Francisco, CA","Y Combinator, Scale Ventures",View Recruiter
"Research Associate - Antibodies, Small Molecule, Oligos",$3.5K,Series B,"San Francisco, CA",General Catalyst,View Recruiter
Software Engineer - Backend,$2.5K,Series A,"Palo Alto, CA",Insight Partners,View Recruiter
Executive Assistant,$5.6K,Series C+,"Cambridge, MA",Public Company,View Recruiter
Senior Technical Customer Support Associate,$7.0K,Series B,"Dallas, TX","Insight Partners, Story Ventures",View Recruiter
"Software Engineer, Fullstack (San Francisco)",$6.8K,Series B,"New York, NY","Index Ventures, Founders Fund",View Recruiter
User Experience Researcher,$4.0K,Series B,"San Francisco, CA",General Catalyst,View Recruiter
Enterprise Account Executive,$7.1K,Series B,"San Francisco, CA","Y Combinator, Scale Ventures",View Recruiter
Product Designer,$6.0K,Series A,"San Francisco, CA","Founders Fund, Andreessen Horowitz",View Recruiter
"Senior Software Engineer, Frontend",$4.1K,Seed,"New York, NY","Kleiner Perkins, Bedrock Capital",View Recruiter
"Medical Director, MD",$5.5K,–,"Baltimore , MD",–,View Recruiter
Clinical Social Worker,$2.7K,Seed,"New York, NY",Village Global,View Recruiter
Chief of Staff,$3.0K,Pre-Seed,"San Francisco, CA",–,View Recruiter
Head of Operations,$2.9K,Pre-Seed,"Los Angeles, CA",Bootstrapped,View Recruiter
Associate Editor,$2.7K,Pre-Seed,"Los Angeles, CA",Bootstrapped,View Recruiter
Assistant Editor,$4.2K,Pre-Seed,"Los Angeles, CA",Bootstrapped,View Recruiter
"Research Associate, Antibodies",$3.0K,Series B,"San Francisco, CA",General Catalyst,View Recruiter
Assistant Director of Admissions (7 months contract),$0.5K,Seed,"San Francisco, CA","Floodgate, Reach Capital",View Recruiter
Licensed Mental Health Counselor (LMHC) - Remote Teletherapy,$0.6K,Seed,"New York, NY",Javelin Ventures,View Recruiter
"Senior Software Engineer, Product",$14.6K,Series A,"New York, NY","Base10 Partners, Bienville Capital",View Recruiter
Software Engineer - Frontend,$6.9K,Series A,"New York, NY",Insight Partners,View Recruiter
Processing Center Specialist,$0.1K,Series A,"New York, NY","Y Combinator, Craft",View Recruiter
Assistant Director of Admissions (7 months contract),$0.5K,Seed,"San Francisco, CA","Floodgate, Reach Capital",View Recruiter
Executive Assistant,$2.6K,Pre-Seed,"Los Angeles, CA",Bootstrapped,View Recruiter
Mental Health Therapist - Florida License,$0.1K,Seed,"New York, NY",Javelin Ventures,View Recruiter
Sr. Software Engineer,$3.5K,Series A,"San Francisco, CA","Bain, Google Ventures, Y Combinator",View Recruiter
Software Engineering Intern (Canada) (4 months) - (Feb - May 2025),$0.8K,Series B,"San Francisco, CA",General Catalyst,View Recruiter
Quality Manager,$1.8K,Series B,"San Francisco, CA",General Catalyst,View Recruiter
Mental Health Therapist - Remote,$0.1K,Seed,"New York, NY",Javelin Ventures,View Recruiter
Founding Software Engineer,$4.3K,Seed,"New York, NY",–,View Recruiter
Product Manager,$0.5K,Series A,"Toronto, ON","Drive Capital, Golden Ventures",View Recruiter
Account Executive - UK,$6.3K,Series A,"New York, NY",Index Ventures,View Recruiter
Licensed Clinical Social Worker (LCSW) Remote Teletherapy,$0.7K,Seed,"New York, NY",Javelin Ventures,View Recruiter
Assistant Director of Admissions (7 months contract),$0.5K,Seed,"San Francisco, CA","Floodgate, Reach Capital",View Recruiter
Licensed Clinical Social Worker (LCSW) Remote Teletherapy,$0.7K,Seed,"New York, NY",Javelin Ventures,View Recruiter
Software Engineering Intern (Canada) (4 months) - (Feb - May 2025),$0.8K,Series B,"San Francisco, CA",General Catalyst,View Recruiter
Licensed Clinical Social Worker (LCSW) Remote Teletherapy,$0.7K,Seed,"New York, NY",Javelin Ventures,View Recruiter
Licensed Clinical Social Worker (LCSW) Remote Teletherapy,$0.7K,Seed,"New York, NY",Javelin Ventures,View Recruiter
Associate - Therapeutics Strategy,$3.0K,Series B,"San Francisco, CA",General Catalyst,View Recruiter
Founding Fullstack Software Developer,$1.0K,Seed,"San Francisco, CA",xyz Ventures,View Recruiter
Developer Relations Engineer,$1.5K,Series A,"San Francisco, CA","Microsoft Ventures, Imaginary Ventures",View Recruiter
Sr. Software Engineer,$3.5K,Series A,"San Francisco, CA","Bain, Google Ventures, Y Combinator",View Recruiter
Senior Backend Engineer,$6.4K,Seed,"New York, NY",Andreessen Horowitz,View Recruiter
Chief of Staff,$1.7K,Seed,"London, UK",Delphi Ventures,View Recruiter
Licensed Clinical Social Worker (LCSW) - Remote Teletherapy,$1.5K,Seed,"New York, NY",Javelin Ventures,View Recruiter
Product UI/UX Designer,$4.0K,Seed,"Chicago, IL","Bienville Capital, Iron Prairie Ventures, Alaris Capital",View Recruiter
Account Executive,$6.3K,Series A,"New York, NY",Index Ventures,View Recruiter
Mental Health Therapist - Florida License,$0.1K,Seed,"New York, NY",Javelin Ventures,View Recruiter
Payroll Onboarding Manager,$3.2K,Seed,"San Francisco, CA",Greycroft,View Recruiter
Lead Product Manager,$3.5K,Series A,"San Francisco, CA","Microsoft Ventures, Imaginary Ventures",View Recruiter
Advisory Operations Manager,$3.2K,Series A,"New York, NY","Thrive Capital, Index Ventures, Canvas Ventures",View Recruiter
Insurance Verification Specialist (Contractor),$2.0K,Series A,"New York, NY","Inspired Capital, Surface Ventures",View Recruiter
Assistant Director of Admissions (7 months contract),$0.5K,Seed,"San Francisco, CA","Floodgate, Reach Capital",View Recruiter
Developer Relations Engineer,$1.5K,Series A,"San Francisco, CA","Microsoft Ventures, Imaginary Ventures",View Recruiter
Mental Health Therapist - Remote,$0.1K,Seed,"New York, NY",Javelin Ventures,View Recruiter
"Ops - EA, Office Manager & Front Desk Coordinator",$7.2K,Series B,"New York, NY",Scale Ventures,View Recruiter
Licensed Mental Health Counselor (LMHC) - Remote Teletherapy,$0.6K,Seed,"New York, NY",Javelin Ventures,View Recruiter
Licensed Professional Counselor (LPC) - Remote Teletherapy,$0.1K,Seed,"New York, NY",Javelin Ventures,View Recruiter
Licensed Professional Counselor (LPC) - Remote Teletherapy,$0.1K,Seed,"New York, NY",Javelin Ventures,View Recruiter
Product Management Intern,$0.8K,Series B,"San Francisco, CA",General Catalyst,View Recruiter
Senior Software Engineer,$9.9K,Series A,"Denver, Colorado",VMG Partners,View Recruiter
Engineering Manager,$0.3K,Series A,"Toronto, ON","Drive Capital, Golden Ventures",View Recruiter
Mobile Developer,$0.9K,Pre-Seed,"London, UK",Delphi Ventures,View Recruiter
Payroll Onboarding Specialist,$1.0K,Seed,"San Francisco, CA",Greycroft,View Recruiter
Assistant Director of Admissions (7 months contract),$0.5K,Seed,"San Francisco, CA","Floodgate, Reach Capital",View Recruiter
Associate - Strategy and Operations,$3.0K,Series B,"San Francisco, CA",General Catalyst,View Recruiter
Licensed Professional Counselor (LPC) - Remote Teletherapy,$0.1K,Seed,"New York, NY",Javelin Ventures,View Recruiter
Founding Software Engineer,$4.3K,Seed,"New York, NY",–,View Recruiter
Onboarding Manager/Trainer - 50% Travel,$4.5K,Seed,"New York, NY","Sequoia Capital, Bling Capital, BoxGroup",View Recruiter
Founding Product Marketing Manager,$6.9K,Series A,"New York, NY",Insight Partners,View Recruiter
Senior Product Manager,$5.5K,Series A,"New York, NY","Thrive Capital, Index Ventures, Canvas Ventures",View Recruiter
Product Manager,$3.5K,Series A,"New York, NY","Inspired Capital, Surface Ventures",View Recruiter
Senior Software Engineer,$5.7K,Series A,"New York, NY","Thrive Capital, Index Ventures, Canvas Ventures",View Recruiter
Senior Backend Engineer,$2.8K,Series A,"New York, NY","Inspired Capital, Surface Ventures",View Recruiter
Senior Backend Engineer,$2.8K,Series A,"New York, NY","Inspired Capital, Surface Ventures",View Recruiter
Sales Development Representative,$0.7K,Series A,"New York, NY",Fiat Ventures,View Recruiter
Founding Robotics Engineer,$2.5K,Pre-seed,"Berkeley, CA",Y Combinator,View Recruiter
Senior Customer Success Manager,$6.3K,Series A,"New York, NY",Index Ventures,View Recruiter
xDR (Cross-Functional Development Representative),$6.7K,Series A,"San Francisco, CA","Microsoft Ventures, Imaginary Ventures",View Recruiter
Associate - Strategy and Operations,$3.0K,Series B,"San Francisco, CA",General Catalyst,View Recruiter
Head of Payroll Onboarding,$2.5K,Seed,"San Francisco, CA",Greycroft,View Recruiter
Finance - Head of Revenue Operations,$15.0K,Series B,"New York, NY",Scale Ventures,View Recruiter
Licensed Mental Health Counselor (LMHC) - Remote Teletherapy,$0.6K,Seed,"New York, NY",Javelin Ventures,View Recruiter
Technical Support Engineer,$3.0K,Series A,"Toronto, ON","Drive Capital, Golden Ventures",View Recruiter
Senior Associate - Search and Evaluation,$3.0K,Series B,"San Francisco, CA",General Catalyst,View Recruiter
Medical Director/Attending Physician - NC,$2.7K,Bootstrapped,"New York, NY",–,View Recruiter
Founding Engineer,$2.2K,Seed,"Toronto, ON","Night Capital, Garage Capital",View Recruiter
Senior Software Engineer,$5.0K,Series A,"Denver, Colorado",VMG Partners,View Recruiter
Founding Sr. Software Engineer,$16.4K,Seed,"San Francisco, CA","Y Combinator, First Round Capital, BoxGroup",View Recruiter
"Associate, Corporate Development",$3.0K,Series B,"San Francisco, CA",General Catalyst,View Recruiter
Licensed Professional Counselor (LPC) - Remote Teletherapy,$0.1K,Seed,"New York, NY",Javelin Ventures,View Recruiter
Customer Experience Manager (L2 Support),$4.7K,Seed,"San Francisco, CA",Greycroft,View Recruiter
Partnerships Manager,$2.7K,Seed,"San Francisco, CA","Floodgate, Reach Capital",View Recruiter
"Software Engineer, Fullstack (San Francisco)",$3.0K,Series B,"New York, NY","Index Ventures, Founders Fund",View Recruiter
Payroll Onboarding Specialist,$0.3K,Seed,"San Francisco, CA",Greycroft,View Recruiter
Licensed Clinical Social Worker (LCSW) Remote Teletherapy,$0.6K,Seed,"New York, NY",Javelin Ventures,View Recruiter
Senior Wealth Advisor 2,$7.5K,Series A,"New York, NY","Thrive Capital, Index Ventures, Canvas Ventures",View Recruiter
Client Experience Lead,$3.5K,Series A,"New York, NY","Thrive Capital, Index Ventures, Canvas Ventures",View Recruiter
Payroll Onboarding Specialist,$0.3K,Seed,"San Francisco, CA",Greycroft,View Recruiter
Software Engineer,$5.9K,Series A,"New York, NY",Fiat Ventures,View Recruiter
Licensed Professional Counselor (LPC) - Remote Teletherapy,$0.1K,Seed,"New York, NY",Javelin Ventures,View Recruiter
CS - Customer Success Manager,$10.6K,Series B,"New York, NY",Scale Ventures,View Recruiter
Head of Operations,$1.9K,Seed,"Los Angeles, CA",–,View Recruiter
Event Marketing Coordinator,$8.8K,Series B,"New York, NY",Scale Ventures,View Recruiter
Enterprise Account Executive,$6.9K,Series A,"New York, NY",Insight Partners,View Recruiter
Full Stack Software Engineer,$20.2K,Series A,"New York, NY","Y Combinator, Craft",View Recruiter
Prod - Senior Product Designer,$12.8K,Series B,"New York, NY",Scale Ventures,View Recruiter
"Associate, Corporate Development",$3.0K,Series B,"San Francisco, CA",General Catalyst,View Recruiter
Psychotherapist,$6.3K,Bootstrapped,"New York, NY",–,View Recruiter
Licensed Clinical Social Worker (LCSW) Remote Teletherapy,$0.6K,Seed,"New York, NY",Javelin Ventures,View Recruiter
Psychotherapist,$6.3K,Bootstrapped,"New York, NY",–,View Recruiter
Licensed Professional Counselor (LPC) - Remote Teletherapy,$0.1K,Seed,"New York, NY",Javelin Ventures,View Recruiter
Eng - Applied AI Engineer,$12.8K,Series B,"New York, NY",Scale Ventures,View Recruiter
Licensed Clinical Social Worker (LCSW) - Remote Teletherapy,$1.5K,Seed,"New York, NY",Javelin Ventures,View Recruiter
Licensed Clinical Social Worker (LCSW) - Remote Teletherapy,$1.5K,Seed,"New York, NY",Javelin Ventures,View Recruiter
Founding Engineer,$26.0K,Seed,"San Francisco, CA","Y Combinator, Homebrew Ventures",View Recruiter
Enterprise Account Executive: EMEA,$1.7K,Series A,"San Francisco, CA","Microsoft Ventures, Imaginary Ventures",View Recruiter
Licensed Psychologist - Remote Clinical Assessments (PSYPACT),$0.7K,Seed,"New York, NY",Javelin Ventures,View Recruiter
"Senior Strategic Growth Associate, Advisor Recruiting",$1.2K,Series A,"New York, NY","Thrive Capital, Index Ventures, Canvas Ventures",View Recruiter
Partnership Manager,$5.1K,Non-profit,"Palo Alto, CA",–,View Recruiter
Licensed Psychologist - Remote Clinical Assessments (Texas),$0.1K,Seed,"New York, NY",Javelin Ventures,View Recruiter
Licensed Psychologist - Remote Clinical Assessments (PSYPACT),$0.7K,Seed,"New York, NY",Javelin Ventures,View Recruiter
People Operations Lead,$5.3K,Series A,"New York, NY","Y Combinator, Craft",View Recruiter
"Software Engineer, Infrastructure",$0.8K,Series A,"Toronto, ON",Y Combinator,View Recruiter
"Senior Software Engineer, Product",$14.1K,Series A,"New York, NY","Base10 Partners, Bienville Capital",View Recruiter
Social & Content Marketing Manager,$4.4K,Bootstrapped,"Nashville, TN",–,View Recruiter
Customer Success Manager,$1.5K,Series A,"New York, NY",Fiat Ventures,View Recruiter
Full Stack Software Engineer,$19.5K,Series A,"New York, NY","Y Combinator, Craft",View Recruiter
"Senior Strategic Growth Associate, Advisor Recruiting",$1.2K,Series A,"New York, NY","Thrive Capital, Index Ventures, Canvas Ventures",View Recruiter
CEO,$8.0K,Pre-Seed,"New York, NY",–,View Recruiter
Sales Development Representative,$4.0K,Series B,"Seattle, WA","Scale Venture Partners, Inspired Capital",View Recruiter
Licensed Psychologist - Remote Clinical Assessments (Texas),$0.1K,Seed,"New York, NY",Javelin Ventures,View Recruiter
Licensed Psychologist - Remote Clinical Assessments (Texas),$0.1K,Seed,"New York, NY",Javelin Ventures,View Recruiter
Assistant Director of Admissions (4 months contract),$0.6K,Seed,"San Francisco, CA","Floodgate, Reach Capital",View Recruiter
Enterprise Account Executive,$24.7K,Series A,"San Francisco, CA","Microsoft Ventures, Imaginary Ventures",View Recruiter
Biz Ops & Finance Associate,$1.0K,Series A,"New York, NY","Thrive Capital, Index Ventures, Canvas Ventures",View Recruiter
Assistant Director of Admissions (4 months contract),$0.6K,Seed,"San Francisco, CA","Floodgate, Reach Capital",View Recruiter
Founding Engineer - Fullstack,$18.7K,Seed,"San Francisco, CA","Index Ventures, Costanoa Ventures",View Recruiter
Licensed Clinical Social Worker (LCSW) Remote Teletherapy,$0.4K,Seed,"New York, NY",Javelin Ventures,View Recruiter
Product Marketing Manager,$8.1K,Series A,"San Francisco, CA","Microsoft Ventures, Imaginary Ventures",View Recruiter
Head of Legal and Compliance,$3.0K,Series A,"New York, NY","Thrive Capital, Index Ventures, Canvas Ventures",View Recruiter
Founding Engineer (San Francisco),$9.8K,Pre-Seed,"San Francisco, CA",–,View Recruiter
Enterprise Customer Success Manager,$2.0K,Series A,"New York, NY","Inspired Capital, Surface Ventures",View Recruiter
Licensed Psychologist - Remote Clinical Assessments (Florida),$0.1K,Seed,"New York, NY",Javelin Ventures,View Recruiter
Senior Enterprise Account Executive,$1.0K,Series A,"New York, NY","Inspired Capital, Surface Ventures",View Recruiter
Licensed Psychologist - Remote Clinical Assessments (Texas),$0.1K,Seed,"New York, NY",Javelin Ventures,View Recruiter
Software Engineer,$2.0K,Series A,"New York, NY","Thrive Capital, Index Ventures, Canvas Ventures",View Recruiter
Operations Lead,$9.9K,Series A,"New York, NY","Y Combinator, Craft",View Recruiter
Enterprise Customer Success Manager,$2.1K,Series A,"New York, NY",Fiat Ventures,View Recruiter
Senior Client Associate,$1.2K,Series A,"New York, NY","Thrive Capital, Index Ventures, Canvas Ventures",View Recruiter
Program Manager - Accelerator,$6.1K,Non-profit,"Palo Alto, CA",–,View Recruiter
Licensed Clinical Social Worker (LCSW) Remote Teletherapy,$0.4K,Seed,"New York, NY",Javelin Ventures,View Recruiter
Senior Wealth Advisor,$3.0K,Series A,"New York, NY","Thrive Capital, Index Ventures, Canvas Ventures",View Recruiter
Founding Sr. Software Engineer,$16.4K,Seed,"San Francisco, CA","Y Combinator, First Round Capital, BoxGroup",View Recruiter
Senior QA Engineer,$4.3K,Series A,"San Francisco, CA",Y Combinator,View Recruiter
Marketing Campaign Specialist,$0.8K,Series A,"New York, NY","Thrive Capital, Index Ventures, Canvas Ventures",View Recruiter
Sales Development Representative,$0.8K,Series A,"New York, NY",Fiat Ventures,View Recruiter
Sales Development Representative,$0.8K,Series A,"New York, NY",Fiat Ventures,View Recruiter
Operations Specialist,$1.3K,Pre-Seed,"Los Angeles, CA",Bootstrapped,View Recruiter
Lead Brand Designer,$8.2K,Series B,"New York, NY",Scale Ventures,View Recruiter
Mentor,$1.8K,Seed,"New York, NY",General Catalyst,View Recruiter
"Senior Software Engineer, Product",$13.3K,Series A,"New York, NY","Base10 Partners, Bienville Capital",View Recruiter
Sales Development Representative,$2.0K,Series B,"San Francisco, CA",General Catalyst,View Recruiter
Senior Enterprise Account Executive,$1.5K,Series A,"New York, NY","Inspired Capital, Surface Ventures",View Recruiter
Solutions Advisor,$3.6K,Series B,"New York, NY",Scale Ventures,View Recruiter
Senior Enterprise Account Executive,$2.2K,Series A,"New York, NY","Thrive Capital, Index Ventures, Canvas Ventures",View Recruiter
InfoSec & Compliance Manager,$9.0K,Series B,"New York, NY",Scale Ventures,View Recruiter
Smart Contract / Blockchain Engineer,$0.2K,Series A,"San Francisco, CA","Bain, Google Ventures, Y Combinator",View Recruiter
Process Engineer,$3.7K,Seed,"Boston, MA",Lavrock Ventures,View Recruiter
Software Engineer - Frontend,$2.0K,Series A,"New York, NY",Insight Partners,View Recruiter
Data Analytics Lead,$11.0K,Series A,"New York, NY","Y Combinator, Craft",View Recruiter
Senior Client Associate,$0.5K,Series A,"New York, NY","Thrive Capital, Index Ventures, Canvas Ventures",View Recruiter
Engineering Manager,$5.2K,Series A,"New York, NY","Kleiner Perkins, Human Capital, Bedrock Capital",View Recruiter
Licensed Psychologist - Remote Clinical Assessments (Texas),$0.1K,Seed,"New York, NY",Javelin Ventures,View Recruiter
Chief of Staff,$3.9K,Seed,"San Francisco, CA",Learn Capital and TitleTownTech,View Recruiter
Smart Contract / Blockchain Engineer,$0.2K,Series A,"San Francisco, CA","Bain, Google Ventures, Y Combinator",View Recruiter
Program Manager - Accelerator,$3.4K,Non-profit,"Palo Alto, CA",–,View Recruiter
Operations Specialist,$0.5K,Pre-Seed,"Los Angeles, CA",Bootstrapped,View Recruiter
Operations Specialist,$0.5K,Pre-Seed,"Los Angeles, CA",Bootstrapped,View Recruiter
Customer Success Manager,$3.0K,Series B,"Seattle, WA","Scale Venture Partners, Inspired Capital",View Recruiter
Director of Operations,$0.8K,Seed,"New York, NY",YETI Capital,View Recruiter
Software Engineer - Nexton,$2.0K,Series A,"New York, NY","Thrive Capital, Index Ventures, Canvas Ventures",View Recruiter
Clinical Supervisor,$0.8K,Seed,"New York, NY","General Catalyst, Tusk Ventures",View Recruiter
Staff Applied AI Engineer,$10.2K,Series B,"New York, NY",Scale Ventures,View Recruiter
Business Analyst - AI Upskilling,$4.0K,Series A,"San Francisco, CA",General Catalyst,View Recruiter
Development Manager,$0.5K,Non-profit,"Palo Alto, CA",–,View Recruiter
Partnership Manager,$2.9K,Non-profit,"Palo Alto, CA",–,View Recruiter
Processing Center Specialist (Warehouse Associate),$1.9K,Series A,"New York, NY","Y Combinator, Craft",View Recruiter
Implementation Manager,$5.4K,Series A,"Merrillville, IN","Bessemer Ventures Partners, First Found Capital",View Recruiter
Technical Customer Success Manager,$6.8K,Series B,"San Francisco, CA","Insight, Story Ventures",View Recruiter
Licensed Psychologist - Remote Clinical Assessments (Florida),$0.0K,Seed,"New York, NY",Javelin Ventures,View Recruiter
Mentor,$1.8K,Seed,"New York, NY",General Catalyst,View Recruiter
Mentor,$1.8K,Seed,"New York, NY",General Catalyst,View Recruiter
Sr. Software Engineer,$0.8K,Series A,"San Francisco, CA","Bain, Google Ventures, Y Combinator",View Recruiter
Account Executive,$0.1K,Series A,"New York, NY","Base10 Partners, Bienville Capital",View Recruiter
Sales Engineer,$11.2K,Series A,"San Francisco, CA","Microsoft Ventures, Imaginary Ventures",View Recruiter
Mentor,$1.8K,Seed,"New York, NY",General Catalyst,View Recruiter
Software Engineer,$4.5K,Series A,"New York, NY",Fiat Ventures,View Recruiter
Sr. Software Engineer,$0.8K,Series A,"San Francisco, CA","Bain, Google Ventures, Y Combinator",View Recruiter
Software Engineer - Mismo,$3.0K,Series A,"New York, NY","Thrive Capital, Index Ventures, Canvas Ventures",View Recruiter
Digital Media Designer,$1.3K,Pre-Seed,"Los Angeles, CA",Bootstrapped,View Recruiter
Smart Contract / Blockchain Engineer,$0.2K,Series A,"San Francisco, CA","Bain, Google Ventures, Y Combinator",View Recruiter
Senior Client Associate,$1.0K,Series A,"New York, NY","Thrive Capital, Index Ventures, Canvas Ventures",View Recruiter
Software Engineer - Mismo,$2.5K,Series A,"New York, NY","Thrive Capital, Index Ventures, Canvas Ventures",View Recruiter
Clinical Research Site Lead,$1.0K,Series B,"San Francisco, CA",General Catalyst,View Recruiter
Customer Success Associate,$3.2K,Series A,"New York, NY",Fiat Ventures,View Recruiter
CEO,$8.4K,Seed,"San Francisco, CA",Y Combinator,View Recruiter
Licensed Psychologist - Remote Clinical Assessments (Texas),$0.1K,Seed,"New York, NY",Javelin Ventures,View Recruiter
Licensed Psychologist - Remote Clinical Assessments (Florida),$0.0K,Seed,"New York, NY",Javelin Ventures,View Recruiter
Mentor,$1.8K,Seed,"New York, NY",General Catalyst,View Recruiter
Enterprise Account Executive,$3.5K,Series A,"New York, NY",Insight Partners,View Recruiter
Office Manager,$0.5K,Series A,"New York, NY","Inspired Capital, Surface Ventures",View Recruiter
Founding Engineer - Fullstack,$14.8K,Seed,"San Francisco, CA","Index Ventures, Costanoa Ventures",View Recruiter
Sales Development Representative,$1.3K,Series A,"New York, NY",Fiat Ventures,View Recruiter
"Software Engineer, Fullstack (Chicago)",$4.0K,Series B,"New York, NY","Index Ventures, Founders Fund",View Recruiter
Smart Contract / Blockchain Engineer,$0.2K,Series A,"San Francisco, CA","Bain, Google Ventures, Y Combinator",View Recruiter
Software Engineer,$3.0K,Series A,"New York, NY","Thrive Capital, Index Ventures, Canvas Ventures",View Recruiter
Processing Center Specialist (Warehouse Associate),$1.9K,Series A,"New York, NY","Y Combinator, Craft",View Recruiter
Senior Wealth Advisor 2,$5.0K,Series A,"New York, NY","Thrive Capital, Index Ventures, Canvas Ventures",View Recruiter
Enterprise Account Executive,$14.0K,Series A,"San Francisco, CA","Microsoft Ventures, Imaginary Ventures",View Recruiter
Forward Deployed Engineer,$6.6K,Series B,"New York, NY",Scale Ventures,View Recruiter
Processing Center Specialist (Warehouse Associate),$1.9K,Series A,"New York, NY","Y Combinator, Craft",View Recruiter
Mentor,$1.8K,Seed,"New York, NY",General Catalyst,View Recruiter
Investment Operations Manager,$3.7K,Series A,"New York, NY","Thrive Capital, Index Ventures, Canvas Ventures",View Recruiter
Software Engineer - Nexton,$2.5K,Series A,"New York, NY","Thrive Capital, Index Ventures, Canvas Ventures",View Recruiter
Social Media Manager,$0.6K,Seed,"New York, NY",YETI Capital,View Recruiter
Senior Client Associate,$0.8K,Series A,"New York, NY","Thrive Capital, Index Ventures, Canvas Ventures",View Recruiter
Associate - Therapeutics Strategy,$3.0K,Series B,"San Francisco, CA",General Catalyst,View Recruiter
CEO - Senior Care AI,$5.7K,Pre-Seed,"New York, NY",–,View Recruiter
Software Engineer,$4.5K,Series A,"New York, NY",Fiat Ventures,View Recruiter
"Manager, Strategic Growth Associates",$2.4K,Series A,"New York, NY","Thrive Capital, Index Ventures, Canvas Ventures",View Recruiter
Mentor,$1.8K,Seed,"New York, NY",General Catalyst,View Recruiter
Software Engineer,$4.5K,Series A,"New York, NY",Fiat Ventures,View Recruiter
Smart Contract / Blockchain Engineer,$0.2K,Series A,"San Francisco, CA","Bain, Google Ventures, Y Combinator",View Recruiter
Senior Software Quality Engineer (LATAM),$2.0K,Series B,"San Francisco, CA",General Catalyst,View Recruiter
Head of Customer Experience,$5.4K,Seed,"San Francisco, CA",Greycroft,View Recruiter
Product Designer,$4.8K,Series B,"San Francisco, CA",Andreessen Horowitz,View Recruiter
Smart Contract / Blockchain Engineer,$0.2K,Series A,"San Francisco, CA","Bain, Google Ventures, Y Combinator",View Recruiter
Senior Customer Success Manager (New York),$2.0K,Series A,"New York, NY",Index Ventures,View Recruiter
"Senior Strategic Growth Associate, Advisor Recruiting",$1.8K,Series A,"New York, NY","Thrive Capital, Index Ventures, Canvas Ventures",View Recruiter
AI Innovator-in-Residence,$2.9K,Non-profit,"Palo Alto, CA",–,View Recruiter
"Senior Software Engineer, Product",$9.2K,Series A,"New York, NY","Base10 Partners, Bienville Capital",View Recruiter
Outbound Marketing Lead,$0.6K,Non-profit,"Palo Alto, CA",–,View Recruiter
PT Graphic Designer,$0.3K,Seed,"New York, NY","General Catalyst, Tusk Ventures",View Recruiter
Mental Health Therapist - Illinois License,$0.9K,Seed,"New York, NY",Javelin Ventures,View Recruiter
Strategic Growth Manager,$3.0K,Series A,"New York, NY","Thrive Capital, Index Ventures, Canvas Ventures",View Recruiter
CEO - Senior Care AI,$3.8K,Pre-Seed,"New York, NY",–,View Recruiter
Product Manager,$3.3K,Series A,"San Francisco, CA","Greycroft, Altos Adventures",View Recruiter
Lead Product Designer,$1.2K,Series C,"San Francisco, CA","Salesforce Ventures, Slack Fund",View Recruiter
Software Engineer,$4.9K,Series A,"San Francisco, CA","Microsoft Ventures, Imaginary Ventures",View Recruiter
Founding Recruiter,$2.5K,Series A,"New York, NY","Thrive Capital, Index Ventures, Canvas Ventures",View Recruiter
Senior Software Engineer,$3.4K,Series A,"New York, NY","Thrive Capital, Index Ventures, Canvas Ventures",View Recruiter
AI Software Engineering Internship,$0.6K,Seed,"New York, NY","General Catalyst, Tusk Ventures",View Recruiter
Mental Health Therapist - Illinois License,$0.9K,Seed,"New York, NY",Javelin Ventures,View Recruiter
Senior Controls Engineer,$6.5K,Series A,"San Francisco, CA","Pear VC, Toyota Ventures",View Recruiter
Senior Backend Engineer,$1.0K,Series C,"San Francisco, CA","Salesforce Ventures, Slack Fund",View Recruiter
Full Stack Engineer,$3.6K,Series A,"Toronto, ON","Drive Capital, Golden Ventures",View Recruiter
Senior Gen AI Engineer (hybrid),$3.2K,Seed,"Palo Alto, CA",–,View Recruiter
Customer Experience Associate (L1),$2.9K,Series A,"San Francisco, CA","Greycroft, Altos Adventures",View Recruiter
Product Support Lead,$1.7K,Series C,"San Francisco, CA","Salesforce Ventures, Slack Fund",View Recruiter
Mental Health Therapist - Florida License,$1.0K,Seed,"New York, NY",Javelin Ventures,View Recruiter
"Senior Software Engineer, Product",$9.2K,Series A,"New York, NY","Base10 Partners, Bienville Capital",View Recruiter
Senior Software Engineer,$4.0K,Series A,"New York, NY","Thrive Capital, Index Ventures, Canvas Ventures",View Recruiter
Growth Manager,$3.6K,Seed,"Seattle, WA",Aglae Ventures,View Recruiter
Senior Frontend Engineer,$5.1K,Series A,"Toronto, ON","Left Lane Capital, XYZ Venture Capital, Intact Ventures",View Recruiter
Product Owner / Project Manager,$5.1K,Seed,"Palo Alto, CA",–,View Recruiter
Product Manager,$3.3K,Seed,"San Francisco, CA",Greycroft,View Recruiter
Sales Development Representative,$1.1K,Series A,"New York, NY",Fiat Ventures,View Recruiter
Licensed Mental Health Counselor (LMHC) - Remote Teletherapy,$1.0K,Seed,"New York, NY",Javelin Ventures,View Recruiter
Account Executive,$0.0K,Series A,"New York, NY","Base10 Partners, Bienville Capital",View Recruiter
Commercial Account Executive,$17.3K,Series A,"San Francisco, CA","Microsoft Ventures, Imaginary Ventures",View Recruiter
Mental Health Therapist - Illinois License,$0.9K,Seed,"New York, NY",Javelin Ventures,View Recruiter
Partner Strategy and Operations Manager,$4.8K,Series A,"San Francisco, CA","Greycroft, Altos Adventures",View Recruiter
Account Executive,$0.0K,Series A,"New York, NY","Base10 Partners, Bienville Capital",View Recruiter
Senior Full-Stack Software Engineer,$13.0K,Seed,"San Francisco, CA",Base10 Partners,View Recruiter
Strategic Finance Lead,$8.0K,Series B,"New York, NY",Scale Ventures,View Recruiter
Senior Customer Support Engineer,$8.0K,Series A,"Merrillville, IN","Bessemer Ventures Partners, First Found Capital",View Recruiter
Sales Development Representative,$1.1K,Series A,"New York, NY",Fiat Ventures,View Recruiter
Software Engineer,$4.9K,Series A,"San Francisco, CA","Microsoft Ventures, Imaginary Ventures",View Recruiter
Account Executive (NYC),$0.3K,Series A,"New York, NY",Fiat Ventures,View Recruiter
Mental Health Therapist - Ohio License,$1.1K,Seed,"New York, NY",Javelin Ventures,View Recruiter
Enterprise Customer Success Manager,$1.4K,Series A,"New York, NY",Fiat Ventures,View Recruiter
Customer Success Associate,$2.3K,Series A,"New York, NY",Fiat Ventures,View Recruiter
Solutions Architect,$10.4K,Series B,"New York, NY",Scale Ventures,View Recruiter
Strategic Growth Manager,$2.2K,Series A,"New York, NY","Thrive Capital, Index Ventures, Canvas Ventures",View Recruiter
Clinical Supervisor,$0.7K,Seed,"New York, NY","General Catalyst, Tusk Ventures",View Recruiter
Senior Mechanical Engineer,$7.0K,Series A,"San Francisco, CA",Y Combinator,View Recruiter
Software Engineer Intern (May - August 2025) - United States,$1.0K,Series B,"San Francisco, CA",General Catalyst,View Recruiter
Senior Backend Engineer,$1.0K,Series C,"San Francisco, CA","Salesforce Ventures, Slack Fund",View Recruiter
Enterprise Account Executive,$11.3K,Series A,"San Francisco, CA","Microsoft Ventures, Imaginary Ventures",View Recruiter
Senior Product Designer,$3.2K,Seed,"San Francisco, CA",–,View Recruiter
Licensed Mental Health Counselor (LMHC) - Remote Teletherapy,$0.2K,Seed,"New York, NY",Javelin Ventures,View Recruiter
Mentor 2025,$0.8K,Seed,"New York, NY","General Catalyst, Tusk Ventures",View Recruiter
Founding Head of Product Marketing,$1.5K,Series A,"New York, NY",Insight Partners,View Recruiter
Mental Health Therapist - Illinois License,$0.4K,Seed,"New York, NY",Javelin Ventures,View Recruiter
Mentor 2025,$0.8K,Seed,"New York, NY","General Catalyst, Tusk Ventures",View Recruiter
Mental Health Therapist - Illinois License,$0.4K,Seed,"New York, NY",Javelin Ventures,View Recruiter
Mental Health Therapist - Florida License,$0.2K,Seed,"New York, NY",Javelin Ventures,View Recruiter
Sales Development Representative,$1.1K,Series A,"New York, NY",Fiat Ventures,View Recruiter
"Senior Software Engineer, Frontend",$7.5K,Series A,"New York, NY","Kleiner Perkins, Human Capital, Bedrock Capital",View Recruiter
Mentor 2025,$0.8K,Seed,"New York, NY","General Catalyst, Tusk Ventures",View Recruiter
Mentor 2025,$0.8K,Seed,"New York, NY","General Catalyst, Tusk Ventures",View Recruiter
Research Analyst,$0.8K,Series A,"San Francisco, CA",General Catalyst,View Recruiter
Licensed Mental Health Counselor (LMHC) - Remote Teletherapy,$0.2K,Seed,"New York, NY",Javelin Ventures,View Recruiter
Mental Health Therapist - Florida License,$0.2K,Seed,"New York, NY",Javelin Ventures,View Recruiter
Home Advisor,$5.8K,Seed,"Austin, TX",Confidential,View Recruiter
Mentor 2025,$0.8K,Seed,"New York, NY","General Catalyst, Tusk Ventures",View Recruiter
Sales Engineer - EMEA,$6.2K,Series A,"San Francisco, CA","Microsoft Ventures, Imaginary Ventures",View Recruiter
Mental Health Therapist - Florida License,$0.2K,Seed,"New York, NY",Javelin Ventures,View Recruiter
Mentor 2025,$0.8K,Seed,"New York, NY","General Catalyst, Tusk Ventures",View Recruiter
"Warehouse Operations Manager - Dallas, TX",$1.5K,Series A,"New York, NY","Y Combinator, Craft",View Recruiter
Mental Health Therapist - Texas License,$0.1K,Seed,"New York, NY",Javelin Ventures,View Recruiter
Customer Success Manager,$6.2K,Series A,"New York, NY",Fiat Ventures,View Recruiter
Mentor 2025,$0.8K,Seed,"New York, NY","General Catalyst, Tusk Ventures",View Recruiter
Mental Health Therapist - Remote,$0.7K,Seed,"New York, NY",Javelin Ventures,View Recruiter
Mentor 2025,$0.8K,Seed,"New York, NY","General Catalyst, Tusk Ventures",View Recruiter
Annotation Lead,$2.3K,Series A,"Mountain View, CA",Confidential,View Recruiter
Licensed Psychologist - Remote Clinical Assessments (PSYPACT),$0.3K,Seed,"New York, NY",Javelin Ventures,View Recruiter
Mentor 2025,$0.8K,Seed,"New York, NY","General Catalyst, Tusk Ventures",View Recruiter
Mentor 2025,$0.8K,Seed,"New York, NY","General Catalyst, Tusk Ventures",View Recruiter
Licensed Psychologist - Remote Clinical Assessments (PSYPACT),$0.3K,Seed,"New York, NY",Javelin Ventures,View Recruiter
Mentor 2025,$0.8K,Seed,"New York, NY","General Catalyst, Tusk Ventures",View Recruiter
Founding Engineer,$2.9K,Seed,"New York, NY","Acrew Capital, Compound",View Recruiter
Marketing Intern (Canada),$1.5K,Series B,"San Francisco, CA",General Catalyst,View Recruiter
Licensed Psychologist - Remote Clinical Assessments (PSYPACT),$0.3K,Seed,"New York, NY",Javelin Ventures,View Recruiter
Licensed Psychologist - Remote Clinical Assessments (PSYPACT),$0.3K,Seed,"New York, NY",Javelin Ventures,View Recruiter
Senior Product Designer,$9.6K,Series A,"New York, NY","Y Combinator, Craft",View Recruiter
Mentor 2025,$0.8K,Seed,"New York, NY","General Catalyst, Tusk Ventures",View Recruiter
Mental Health Therapist - Illinois License,$0.4K,Seed,"New York, NY",Javelin Ventures,View Recruiter
Mentor 2025,$0.8K,Seed,"New York, NY","General Catalyst, Tusk Ventures",View Recruiter
Advisor Experience Manager,$2.3K,Series B,"New York, NY","Thrive Capital, Index Ventures, Canvas Ventures",View Recruiter
Founding Recruiter,$1.0K,Series A,"New York, NY",Fiat Ventures,View Recruiter
Licensed Psychologist - Remote Clinical Assessments (Florida),$0.0K,Seed,"New York, NY",Javelin Ventures,View Recruiter
AI Data Engineer,$4.9K,Bootstrapped,"New York, NY",Bootstrapped,View Recruiter
Mental Health Therapist - Illinois License,$0.4K,Seed,"New York, NY",Javelin Ventures,View Recruiter
Senior Frontend Engineer (React + Typescript),$1.1K,Seed,"New York, NY","Y Combinator, Menlo Ventures, Human Capital",View Recruiter
Mentor 2025,$0.8K,Seed,"New York, NY","General Catalyst, Tusk Ventures",View Recruiter
Senior Software Engineer,$4.0K,Series B,"New York, NY","Thrive Capital, Index Ventures, Canvas Ventures",View Recruiter
Head of Partner Success,$14.4K,Seed,"San Francisco, CA",Greycroft,View Recruiter
Licensed Mental Health Counselor (LMHC) - Remote Teletherapy,$0.2K,Seed,"New York, NY",Javelin Ventures,View Recruiter
Software Engineer - AI Agent (Assist),$24.0K,Series B,"San Francisco, CA","Emergence, NEA, SignalFire",View Recruiter
Licensed Psychologist - Remote Clinical Assessments (Texas),$0.1K,Seed,"New York, NY",Javelin Ventures,View Recruiter
Mentor 2025,$0.8K,Seed,"New York, NY","General Catalyst, Tusk Ventures",View Recruiter
Mentor 2025,$0.8K,Seed,"New York, NY","General Catalyst, Tusk Ventures",View Recruiter
Sales Engineer - EMEA,$6.2K,Series A,"San Francisco, CA","Microsoft Ventures, Imaginary Ventures",View Recruiter
Senior Customer Success Manager,$5.5K,Pre-Seed,"New York, NY",–,View Recruiter
Mentor 2025,$0.8K,Seed,"New York, NY","General Catalyst, Tusk Ventures",View Recruiter
Marketing Manager,$6.9K,Seed,"San Francisco, CA","Index Ventures, Costanoa Ventures",View Recruiter
Mental Health Therapist - Florida License,$0.2K,Seed,"New York, NY",Javelin Ventures,View Recruiter
AI Data Engineer,$4.9K,Bootstrapped,"New York, NY",Bootstrapped,View Recruiter
Mental Health Therapist - Texas License,$0.1K,Seed,"New York, NY",Javelin Ventures,View Recruiter
Mentor 2025,$0.8K,Seed,"New York, NY","General Catalyst, Tusk Ventures",View Recruiter
Software Engineer,$3.2K,Series A,"Palo Alto, CA","USVP, MongoDB Ventures",View Recruiter
Senior Product Designer,$6.8K,Seed,"San Francisco, CA",Greycroft,View Recruiter
Customer Success Manager,$3.6K,Series A,"New York, NY",Fiat Ventures,View Recruiter
Head of Payer Sales,$2.7K,Seed,"New York, NY","General Catalyst, Tusk Ventures",View Recruiter
Machine Learning Engineer - Computer Vision,$1.5K,Seed,"San Francisco, CA",Suffolk Technologies,View Recruiter
Machine Learning Engineer - Computer Vision,$1.5K,Seed,"San Francisco, CA",Suffolk Technologies,View Recruiter
Clinical Supervisor (North Carolina),$1.2K,Seed,"New York, NY","General Catalyst, Tusk Ventures",View Recruiter
Staff Software Engineer,$8.9K,Pre-Seed,"New York, NY","Square Peg, Xtripe Angels",View Recruiter
Customer Success Manager,$3.6K,Series A,"New York, NY",Fiat Ventures,View Recruiter
Chief Investment Officer,$2.4K,Series B,"New York, NY","Thrive Capital, Index Ventures, Canvas Ventures",View Recruiter
Senior Enterprise Account Executive,$0.1K,Series B,"New York, NY","Thrive Capital, Index Ventures, Canvas Ventures",View Recruiter
Mentor 2025,$1.2K,Seed,"New York, NY","General Catalyst, Tusk Ventures",View Recruiter
Web Designer,$8.5K,Series A,"New York, NY",Y Combinator,View Recruiter
"GM, New Products",$1.4K,Series B,"New York, NY","Thrive Capital, Index Ventures, Canvas Ventures",View Recruiter
Solutions Architect,$2.7K,Series B,"New York, NY",Scale Ventures,View Recruiter
Sales Development Representative,$1.1K,Series A,"New York, NY",Fiat Ventures,View Recruiter
Senior Product Designer,$0.1K,Seed,"New York, NY","General Catalyst, Tusk Ventures",View Recruiter
Business Development Representative,$1.3K,Series A,"New York, NY",Insight Partners,View Recruiter
Senior Electrical Engineer,–,Series A,"San Francisco, CA",Y Combinator,View Recruiter
"Senior Strategic Growth Associate, Advisor Recruiting",$0.1K,Series B,"New York, NY","Thrive Capital, Index Ventures, Canvas Ventures",View Recruiter
Senior Software Engineer - AI (Founding),$13.9K,Seed,"New York, NY",Third Prime VC,View Recruiter
Sales Development Representative,$1.1K,Series A,"New York, NY",Fiat Ventures,View Recruiter
Implementation Manager,$7.0K,Series A,"New York, NY",Fiat Ventures,View Recruiter
Senior Software Engineer,$9.8K,Seed,"New York, NY","Y Combinator, Sorenson Capital",View Recruiter
Advisor Experience Manager,$0.5K,Series B,"New York, NY","Thrive Capital, Index Ventures, Canvas Ventures",View Recruiter
"Senior Software Engineer, AI",$1.9K,Seed,"Toronto, Canada",Y Combinator,View Recruiter
Engineering Manager,$8.8K,Series A,"New York, NY","Base10 Partners, Bienville Capital",View Recruiter
Sales Development Representative,$1.1K,Series A,"New York, NY",Fiat Ventures,View Recruiter
Customer Success Manager,$1.0K,Series B,"Seattle, WA","Scale Venture Partners, Inspired Capital",View Recruiter
Software Engineer Intern (Sep - Dec 2025) - United States,$2.5K,Series B,"San Francisco, CA",General Catalyst,View Recruiter
Customer Success Manager,$1.0K,Series B,"Seattle, WA","Scale Venture Partners, Inspired Capital",View Recruiter
Mentor 2025,$1.2K,Seed,"New York, NY","General Catalyst, Tusk Ventures",View Recruiter
Mental Health Therapist - Florida License,$0.2K,Seed,"New York, NY",Javelin Ventures,View Recruiter
Software Engineering Intern (Sep - Dec 2025) - Canada,$2.5K,Series B,"San Francisco, CA",General Catalyst,View Recruiter
Mentor 2025,$1.2K,Seed,"New York, NY","General Catalyst, Tusk Ventures",View Recruiter
Edge Infrastructure Software Engineer,$8.8K,Series A,"Boston, MA","TDK Ventures, Flybridge Capital Partners",View Recruiter
Senior Fullstack Software Engineer,$0.7K,Seed,"New York, NY",Sequoia,View Recruiter
Senior Research Engineer - Audio & Language,$13.3K,Public,"Louisville, KY",N/A,View Recruiter
Product Design Lead,$3.1K,Series B,"New York, NY","Thrive Capital, Index Ventures, Canvas Ventures",View Recruiter
Business Development Representative (Mexico),$0.2K,Series A,"San Francisco, CA","Blumberg Capital, Momenta",View Recruiter
Senior/Principal DevOps Engineer - Contractor,$0.4K,Bootstrapped,"Minneapolis, MN",Bootstrapped,View Recruiter
Software Engineer,$2.6K,Series A,"Palo Alto, CA","USVP, MongoDB Ventures",View Recruiter
Full Stack Software Engineer,$29.5K,Series A,"New York, NY","Y Combinator, Craft",View Recruiter
Account Executive (Mid-Market),$3.4K,Series A,"San Francisco, CA",Insight Partners,View Recruiter
Business Development Representative (Mexico),$0.2K,Series A,"San Francisco, CA","Blumberg Capital, Momenta",View Recruiter
Product Marketing Lead,$4.7K,Series A,"San Francisco, CA",Insight Partners,View Recruiter
Business Development Representative,$0.2K,Seed,"New York, NY",Sequoia,View Recruiter
"Senior Strategic Growth Associate, Advisor Recruiting",$0.1K,Series B,"New York, NY","Thrive Capital, Index Ventures, Canvas Ventures",View Recruiter
Enterprise Account Executive (West),$2.1K,Series A,"San Francisco, CA",Insight Partners,View Recruiter
Account Executive (Mid-Market),$3.4K,Series A,"San Francisco, CA",Insight Partners,View Recruiter
Head of Growth & Operations,$2.4K,Seed,"New York, NY",–,View Recruiter
Licensed Clinical Social Worker (LCSW) - Remote Teletherapy,$1.2K,Seed,"New York, NY",Javelin Ventures,View Recruiter
Frontend Engineer,$4.5K,Seed,"San Francisco, CA",Suffolk Technologies,View Recruiter
Data & Analytics Engineer,$5.0K,Seed,"San Francisco, CA",Y Combinator,View Recruiter
Enterprise Account Executive (West),$2.1K,Series A,"San Francisco, CA",Insight Partners,View Recruiter
Founding Product Designer,$4.7K,Pre-Seed,"New York, NY","Square Peg, Xtripe Angels",View Recruiter
Mental Health Therapist - Texas License,$0.1K,Seed,"New York, NY",Javelin Ventures,View Recruiter
Senior Manager of Demand Generation,$4.1K,Series B,"Boston, MA","Y Combinator, SignalFire, Matrix, Accel",View Recruiter
Senior Software Engineer,$8.2K,Seed,"New York, NY","Correlation Ventures, Clocktower Ventures, WndrCo, Lux Capital",View Recruiter
Mental Health Therapist - Texas License,$0.1K,Seed,"New York, NY",Javelin Ventures,View Recruiter
Mental Health Therapist - Texas License,$0.1K,Seed,"New York, NY",Javelin Ventures,View Recruiter
Mental Health Therapist - Illinois License,$0.4K,Seed,"New York, NY",Javelin Ventures,View Recruiter
Account Manager,$2.9K,Seed,"San Francisco, CA",ACVC Partners,View Recruiter
Mental Health Therapist - Texas License,$0.1K,Seed,"New York, NY",Javelin Ventures,View Recruiter
Licensed Professional Counselor (LPC) - Remote Teletherapy,$0.1K,Seed,"New York, NY",Javelin Ventures,View Recruiter
Mental Health Therapist - Texas License,$0.1K,Seed,"New York, NY",Javelin Ventures,View Recruiter
Mental Health Therapist - Illinois License,$0.4K,Seed,"New York, NY",Javelin Ventures,View Recruiter
Customer Operations Specialist,$0.6K,Pre-Seed,"Los Angeles, CA",Bootstrapped,View Recruiter
Mental Health Therapist - Illinois License,$0.4K,Seed,"New York, NY",Javelin Ventures,View Recruiter
Mental Health Therapist - Illinois License,$0.4K,Seed,"New York, NY",Javelin Ventures,View Recruiter
AI Engineer,$13.4K,Seed,"San Francisco, CA",E14 Fund,View Recruiter
Mental Health Therapist - Texas License,$0.1K,Seed,"New York, NY",Javelin Ventures,View Recruiter
Founding Engineer (San Francisco),$4.9K,Seed,"San Francisco, CA","Better Tomorrow Ventures, Maschmeyer Group Ventures, Liquid 2 Ventures",View Recruiter
Enterprise Account Executive,$2.3K,Series A,"New York, NY",Insight Partners,View Recruiter
"Senior Software Engineer, Frontend",$8.5K,Series A,"New York, NY","Kleiner Perkins, Human Capital, Bedrock Capital",View Recruiter
Solutions Engineer,$10.2K,Series A,"San Francisco, CA","Andreessen Horowitz, Y Combinator",View Recruiter
Senior Backend / Systems Engineer,$4.2K,Series A,"Palo Alto, CA","USVP, MongoDB Ventures",View Recruiter
Brand Designer,$4.7K,Series A,"New York, NY","Y Combinator, Craft",View Recruiter
Clinical Supervisor (North Carolina),$1.4K,Seed,"New York, NY","General Catalyst, Tusk Venture",View Recruiter
Mental Health Therapist - Illinois License,$0.4K,Seed,"New York, NY",Javelin Ventures,View Recruiter
Mental Health Therapist - Illinois License,$0.4K,Seed,"New York, NY",Javelin Ventures,View Recruiter
Mental Health Therapist - Texas License,$0.1K,Seed,"New York, NY",Javelin Ventures,View Recruiter
Mental Health Therapist - Illinois License,$0.4K,Seed,"New York, NY",Javelin Ventures,View Recruiter
Mental Health Therapist - Florida License,$0.1K,Seed,"New York, NY",Javelin Ventures,View Recruiter
Mental Health Therapist - Illinois License,$0.4K,Seed,"New York, NY",Javelin Ventures,View Recruiter
Mental Health Therapist - Florida License,$0.1K,Seed,"New York, NY",Javelin Ventures,View Recruiter
Senior ML Engineer,$2.0K,Series A,"Palo Alto, CA","USVP, MongoDB Ventures",View Recruiter
Mental Health Therapist - Illinois License,$0.4K,Seed,"New York, NY",Javelin Ventures,View Recruiter
Sales Development Representative,$0.4K,Series B,"New York, NY","Index Ventures, Founders Fund",View Recruiter
Mental Health Therapist - Illinois License,$0.4K,Seed,"New York, NY",Javelin Ventures,View Recruiter
"Software Engineer, Fullstack (Chicago)",$1.8K,Series B,"New York, NY","Index Ventures, Founders Fund",View Recruiter
Software Developer,$7.5K,Seed,"New York, NY","Praxis Ventures, Northpath Investments",View Recruiter
Mental Health Therapist - Illinois License,$0.4K,Seed,"New York, NY",Javelin Ventures,View Recruiter
Full Stack Software Engineer,$25.8K,Series A,"New York, NY","Y Combinator, Craft",View Recruiter
Sales Development Representative,$0.4K,Series B,"New York, NY","Index Ventures, Founders Fund",View Recruiter
Mental Health Therapist - Texas License,$0.1K,Seed,"New York, NY",Javelin Ventures,View Recruiter
Mental Health Therapist - Illinois License,$0.4K,Seed,"New York, NY",Javelin Ventures,View Recruiter
Mental Health Therapist - Texas License,$0.1K,Seed,"New York, NY",Javelin Ventures,View Recruiter
Mental Health Therapist - Illinois License,$0.4K,Seed,"New York, NY",Javelin Ventures,View Recruiter
Licensed Professional Counselor (LPC) - Remote Teletherapy,$0.1K,Seed,"New York, NY",Javelin Ventures,View Recruiter
QA Analyst - Manual Testing,$2.1K,Series A,"New York, NY",Insight Partners,View Recruiter
Mental Health Therapist - Illinois License,$0.4K,Seed,"New York, NY",Javelin Ventures,View Recruiter
Mental Health Therapist - Illinois License,$0.4K,Seed,"New York, NY",Javelin Ventures,View Recruiter
"Account Executive, Chicago",$1.3K,Series A,"New York, NY",Index Ventures,View Recruiter
Licensed Clinical Social Worker (LCSW) - Remote Teletherapy NC,$1.0K,Seed,"New York, NY",Javelin Ventures,View Recruiter
Admissions Ops Manager,$11.1K,Non-profit,"Palo Alto, CA",–,View Recruiter
Customer Operations Specialist,$0.6K,Pre-Seed,"Los Angeles, CA",Bootstrapped,View Recruiter
Mental Health Therapist - Illinois License,$0.4K,Seed,"New York, NY",Javelin Ventures,View Recruiter
Contracts & Compliance Specialist,$0.1K,Private,Remote,NA,View Recruiter
Mental Health Therapist - Texas License,$0.1K,Seed,"New York, NY",Javelin Ventures,View Recruiter
Mental Health Therapist - Illinois License,$0.4K,Seed,"New York, NY",Javelin Ventures,View Recruiter
Mental Health Therapist - Illinois License,$0.4K,Seed,"New York, NY",Javelin Ventures,View Recruiter
Mental Health Therapist - Illinois License,$0.4K,Seed,"New York, NY",Javelin Ventures,View Recruiter
Healthcare Outcomes Data Analyst,$4.0K,Seed,"San Francisco, CA","Y Combinator, Rock Health",View Recruiter
Mental Health Therapist - Florida License,$0.1K,Seed,"New York, NY",Javelin Ventures,View Recruiter
Mental Health Therapist - Illinois License,$0.4K,Seed,"New York, NY",Javelin Ventures,View Recruiter
Mental Health Therapist - Illinois License,$0.4K,Seed,"New York, NY",Javelin Ventures,View Recruiter
Product Design Lead,$1.6K,Series B,"New York, NY","Thrive Capital, Index Ventures, Canvas Ventures",View Recruiter
Implementation Specialist,$7.2K,Series A,"Austin, TX","Scale Venture Partners, 8VC, Bling Capital",View Recruiter
Mental Health Therapist - Texas License,$0.1K,Seed,"New York, NY",Javelin Ventures,View Recruiter
Mental Health Therapist - Remote,$0.5K,Seed,"New York, NY",Javelin Ventures,View Recruiter
Mental Health Therapist - Texas License,$0.1K,Seed,"New York, NY",Javelin Ventures,View Recruiter
Strategic Partnership Lead,$4.0K,Seed,"San Francisco, CA",Suffolk Technologies,View Recruiter
Entry ML Engineer,$6.0K,Series A,"Palo Alto, CA","USVP, MongoDB Ventures",View Recruiter
Senior ML Engineer,$1.0K,Series A,"Palo Alto, CA","USVP, MongoDB Ventures",View Recruiter
DevSecOps Engineer,$5.9K,Series A,"Palo Alto, CA","USVP, MongoDB Ventures",View Recruiter
Senior Client Associate,$0.8K,Series B,"New York, NY","Thrive Capital, Index Ventures, Canvas Ventures",View Recruiter
Entry ML Engineer,$6.0K,Series A,"Palo Alto, CA","USVP, MongoDB Ventures",View Recruiter
Machine Learning Researcher,$3.1K,Seed,"San Francisco, CA","Khosla Ventures, ARTIS Ventures, Compound, Conviction Partners",View Recruiter
Admissions Advisor (7 month contract),$0.9K,Seed,"San Francisco, CA","Floodgate, Reach Capital",View Recruiter
Chief of Staff (Business Operations Focus),$12.3K,Stealth,"New York, NY",Population Health Partners,View Recruiter
Founding Head of Marketing,$2.7K,Series A,"New York, NY",Insight Partners,View Recruiter
Sr. Software Engineer,$5.1K,Seed,"San Francisco, CA",Y Combinator,View Recruiter
Implementation Specialist,$4.0K,Series A,"Austin, TX","Scale Venture Partners, 8VC, Bling Capital, Max Ventures",View Recruiter
"Software Engineer, Fullstack (Chicago)",$1.3K,Series B,"New York, NY","Index Ventures, Founders Fund",View Recruiter
Data Engineer - United States,$4.2K,Private,Remote,Bootstrapped,View Recruiter
Senior Software Engineer,$6.2K,Seed,"New York, NY","Asymmetric Captial Partners, Construct Capital, Lux Capital",View Recruiter
Finance Director,$5.5K,Series A,"San Francisco, CA",General Catalyst,View Recruiter
Business Development Representative (BDR),$4.0K,Series A,"Austin, TX","Scale Venture Partners, 8VC, Bling Capital, Max Ventures",View Recruiter
Customer Success Manager,$5.1K,Private,Remote,Bootstrapped,View Recruiter
Scholar-in-Residence (Part-time),$0.4K,Seed,"San Francisco, CA","Floodgate, Reach Capital",View Recruiter
Admissions Advisor (7 month contract),$0.9K,Seed,"San Francisco, CA","Floodgate, Reach Capital",View Recruiter
Senior Client Associate,$0.8K,Series B,"New York, NY","Thrive Capital, Index Ventures, Canvas Ventures",View Recruiter
Senior Backend Engineer,$10.0K,Seed,"Austin, TX",HOLT Ventures,View Recruiter
Software Engineer,$4.7K,Seed,Remote,–,View Recruiter
MLOps Engineer,$9.5K,Series A,"Palo Alto, CA","USVP, MongoDB Ventures",View Recruiter
Software Developer,$7.5K,Seed,"San Francisco, CA","Praxis Ventures, Northpath Investments",View Recruiter
Admissions Advisor (7 month contract),$0.9K,Seed,"San Francisco, CA","Floodgate, Reach Capital",View Recruiter
Senior Electrical Engineer,$1.4K,Series A,"Chicago, IL","Bling Capital, Webb Investment Network",View Recruiter
Admissions Advisor (7 month contract),$0.9K,Seed,"San Francisco, CA","Floodgate, Reach Capital",View Recruiter
Scholar-in-Residence (Part-time),$0.4K,Seed,"San Francisco, CA","Floodgate, Reach Capital",View Recruiter
Professional Services Engineer,$3.0K,Series B,"San Francisco, CA",Andreessen Horowitz,View Recruiter
Admissions Advisor (7 month contract),$0.9K,Seed,"San Francisco, CA","Floodgate, Reach Capital",View Recruiter
Head of Social Media & Brand,$7.0K,Early Stage,"Nashville, TN",Beliade,View Recruiter
Head of CX/Trust & Safety,$7.5K,Seed,"San Francisco, CA",WndrCo,View Recruiter
Director of Engineering,$6.3K,Seed,"San Francisco, CA",Suffolk Technologies,View Recruiter
"Senior Software Engineer, AI",$4.5K,Seed,"Toronto, Canada",Y Combinator,View Recruiter
Business Development Representative - London,$1.0K,Series A,"New York, NY",Index Ventures,View Recruiter
Admissions Advisor (7 month contract),$0.6K,Seed,"San Francisco, CA","Floodgate, Reach Capital",View Recruiter
Somethings Mentor,$1.5K,Seed,"New York, NY","General Catalyst, Tusk Venture",View Recruiter
Somethings Mentor,$1.5K,Seed,"New York, NY","General Catalyst, Tusk Venture",View Recruiter
Clinical Recruiter,$1.3K,Series A,"San Francisco, CA","Greycroft, Thrive Capital, Union Square Ventures, FirstMark Capital, and Tiger Global Management",View Recruiter
Somethings Mentor,$1.5K,Seed,"New York, NY","General Catalyst, Tusk Venture",View Recruiter
Somethings Mentor,$1.5K,Seed,"New York, NY","General Catalyst, Tusk Venture",View Recruiter
Founding Head of Customer Success,$2.7K,Series A,"New York, NY",Insight Partners,View Recruiter
Somethings Mentor,$1.5K,Seed,"New York, NY","General Catalyst, Tusk Venture",View Recruiter
Somethings Mentor,$1.5K,Seed,"New York, NY","General Catalyst, Tusk Venture",View Recruiter
"Software Engineer, Fullstack (Chicago)",$1.0K,Series B,"New York, NY","Index Ventures, Founders Fund",View Recruiter
Founding CTO,$11.4K,Pre-Seed,New York City,Robert Hamwee,View Recruiter
QA Analyst - Manual Testing,$1.5K,Series A,"New York, NY",Insight Partners,View Recruiter
Enterprise Account Executive,$2.7K,Series A,"New York, NY",Insight Partners,View Recruiter
Provider Partnerships Manager,$7.1K,Series A,"San Francisco, CA","Greycroft, Thrive Capital, Union Square Ventures, FirstMark Capital, and Tiger Global Management",View Recruiter
Somethings Mentor,$1.5K,Seed,"New York, NY","General Catalyst, Tusk Venture",View Recruiter
Analytics Engineer,$0.7K,Series B,"New York, NY","Index Ventures, Founders Fund",View Recruiter
Somethings Mentor,$1.5K,Seed,"New York, NY","General Catalyst, Tusk Venture",View Recruiter
Senior Firmware Engineer,$1.8K,Series A,"Chicago, IL","Bling Capital, Webb Investment Network",View Recruiter
Jr. Account Executive,$8.9K,Pre-Seed,"New York, NY",Bootstrapped,View Recruiter
Somethings Mentor,$1.5K,Seed,"New York, NY","General Catalyst, Tusk Venture",View Recruiter
Customer Success Manager,$3.9K,Series A,"New York, NY",Fiat Ventures,View Recruiter
Somethings Mentor,$1.5K,Seed,"New York, NY","General Catalyst, Tusk Venture",View Recruiter
Somethings Mentor,$1.5K,Seed,"New York, NY","General Catalyst, Tusk Venture",View Recruiter
Software Engineer - Frontend,$2.0K,Series A,"New York, NY",Insight Partners,View Recruiter
Somethings Mentor,$1.5K,Seed,"New York, NY","General Catalyst, Tusk Venture",View Recruiter
Somethings Mentor,$1.5K,Seed,"New York, NY","General Catalyst, Tusk Venture",View Recruiter
Senior Fullstack Engineer,$31.3K,Series A,"San Francisco, CA","Prime Movers Lab, founders of Calm, Apolo Ohno, Deontay Wilder",View Recruiter
"Senior Software Engineer, Networking",$3.6K,Series A,"Chicago, IL","Bling Capital, Webb Investment Network",View Recruiter
Software Engineer - Internal Tools & Automation,$5.4K,Seed,"San Francisco, CA","Y Combinator, Rock Health",View Recruiter
Mentor,$1.5K,Seed,"New York, NY","General Catalyst, Tusk Venture",View Recruiter
Mentor,$1.5K,Seed,"New York, NY","General Catalyst, Tusk Venture",View Recruiter
Solutions Engineer,$2.6K,Series B,"Boston, MA",Y Combinator,View Recruiter
BizOps & Executive Business Partner Lead,$4.4K,Series A,Remote,Standard Capital,View Recruiter
Enterprise Marketing Lead,$2.7K,Series A,"San Francisco, CA",General Catalyst,View Recruiter
Research Analyst - CEO Strategic Communications,$5.6K,Series A,"San Francisco, CA",General Catalyst,View Recruiter
Senior Frontend Engineer,$5.0K,Seed,"Austin, TX",HOLT Ventures,View Recruiter
"Product Manager, Growth (San Francisco)",$5.7K,Seed,"San Francisco, CA",Susa Ventures,View Recruiter
Strategy & Operations Analyst,$2.1K,Seed,"San Francisco, CA",Susa Ventures,View Recruiter
Sales Solutions Engineer,$3.7K,Series A,Remote,Standard Capital,View Recruiter
Founding Technical Lead,$4.3K,Pre-Seed,"San Francisco, CA",Accel,View Recruiter
Sales Solutions Engineer,$3.7K,Series A,Remote,Standard Capital,View Recruiter
"Software Engineer, Fullstack (San Francisco)",$3.3K,Series B,"New York, NY","Index Ventures, Founders Fund",View Recruiter
Customer Success Manager (West Coast),$2.9K,Series A,"New York, NY",Index Ventures,View Recruiter
Senior Mechanical Engineer,$2.4K,Series A,"Chicago, IL","Bling Capital, Webb Investment Network",View Recruiter
Strategy & Operations Analyst,$2.1K,Seed,"San Francisco, CA",Susa Ventures,View Recruiter
"Senior Software Engineer, Networking",$3.6K,Series A,"Chicago, IL","Bling Capital, Webb Investment Network",View Recruiter
"Intermediate Software Engineer, AI",$14.8K,Seed,"Toronto, Canada",Y Combinator,View Recruiter
Mentor,$1.5K,Seed,"New York, NY","General Catalyst, Tusk Venture",View Recruiter
Founding Account Manager,$10.8K,Seed,"Austin, TX",HOLT Ventures,View Recruiter
Admissions Advisor (7 month contract),$0.6K,Seed,"San Francisco, CA","Floodgate, Reach Capital",View Recruiter
Senior Customer Success Manager (Toronto),$6.4K,Series A,"New York, NY",Index Ventures,View Recruiter
Senior Frontend Engineer,$5.0K,Seed,"Austin, TX",HOLT Ventures,View Recruiter
Admissions Advisor (Budapest),$3.9K,Seed,"San Francisco, CA","Floodgate, Reach Capital",View Recruiter
Founding Head of Engineering,$18.5K,Seed,"Los Angeles, CA",Cove Fund,View Recruiter
Senior Software Developer - Brazil Only,$7.3K,Series A,"San Francisco, CA","Altos Ventures, Greycroft, SemperVirens, Definition, and Better Tomorrow Ventures",View Recruiter
Senior Full-Stack Engineer (React & Python),$2.6K,Bootstrapped,Remote,Bootstrapped,View Recruiter
"Senior Software Engineer, Product",$10.8K,Series A,"New York, NY","Base10 Partners, Bienville Capital",View Recruiter
VP Of Sales,$5.7K,Series A,"Dallas, TX","Village Global, Mantis Venture Capital, Origin Ventures, BDMI, and One Way Ventures,",View Recruiter
Senior Full-Stack Engineer (React & Rails),$7.1K,Bootstrapped,Remote,Bootstrapped,View Recruiter
Admissions Advisor (7 month contract),$0.6K,Seed,"San Francisco, CA","Floodgate, Reach Capital",View Recruiter
Mentor,$1.5K,Seed,"New York, NY","General Catalyst, Tusk Venture",View Recruiter
Customer Success Manager (Clinical Client-Focused) CSM,$5.6K,Series A,Remote,Standard Capital,View Recruiter
Senior Backend Engineer,$3.5K,Series A,"San Francisco, CA","Bling Capital, Webb Investment Network",View Recruiter
Somethings Mentor,$1.5K,Series A,"New York, NY","Catalio Capital, General Catalyst, Tusk Ventures",View Recruiter
Mental Health Therapist,$0.4K,Series A,"New York, NY","Greycroft, Thrive Capital, Union Square Ventures, FirstMark Capital, and Tiger Global Management",View Recruiter
Principal Engineer (NW),$11.2K,Seet,"San Francisco, CA","a16z, NEA, Prime Movers Lab",View Recruiter
Senior Backend Engineer,$4.8K,Seed,"Austin, TX",HOLT Ventures,View Recruiter
Business Development Representative (BDR),$1.8K,Series A,"San Francisco, CA",General Catalyst,View Recruiter
Somethings Mentor,$1.5K,Series A,"New York, NY","Catalio Capital, General Catalyst, Tusk Ventures",View Recruiter
Frontend Engineer,$7.1K,Series A,"Austin, TX",Karman Ventures,View Recruiter
"Product Manager, ProfAI",$9.5K,Series A,"San Francisco, CA",General Catalyst,View Recruiter
Data & Analytics Engineer,$1.8K,Seed,"San Francisco, CA","Y Combinator, Rock Health",View Recruiter
Senior Fullstack Engineer,$11.7K,Seed,"San Francisco, CA","a16z, NEA, Prime Movers Lab",View Recruiter
Embedded Payroll Onboarding Lead (Player-Coach),$3.5K,Series A,"San Francisco, CA","Altos Ventures, Greycroft, Better Tomorrow Ventures, Definition, SemperVirens",View Recruiter
Somethings Mentor,$1.5K,Series A,"New York, NY","Catalio Capital, General Catalyst, Tusk Ventures",View Recruiter
Senior Backend Engineer,$4.8K,Seed,"Austin, TX",HOLT Ventures,View Recruiter
Engagement and Delivery Manager,$13.3K,Series B,"Boston, MA",Y Combinator,View Recruiter
Fractional CTO,$1.8K,Seed,"Los Angeles, CA",Costanoa Ventures,View Recruiter
Mental Health Therapist,$0.4K,Series A,"New York, NY","Greycroft, Thrive Capital, Union Square Ventures, FirstMark Capital, and Tiger Global Management",View Recruiter
Customer Support Specialist,$1.2K,Pre-Seed,"Los Angeles, CA",Bootstrapped,View Recruiter
Mental Health Therapist,$0.4K,Series A,"New York, NY","Greycroft, Thrive Capital, Union Square Ventures, FirstMark Capital, and Tiger Global Management",View Recruiter
Software Engineer (Toronto),$2.3K,Seed,"San Francisco, CA",Susa Ventures,View Recruiter
Mental Health Therapist,$0.4K,Series A,"New York, NY","Greycroft, Thrive Capital, Union Square Ventures, FirstMark Capital, and Tiger Global Management",View Recruiter
Mental Health Therapist,$0.4K,Series A,"New York, NY","Greycroft, Thrive Capital, Union Square Ventures, FirstMark Capital, and Tiger Global Management",View Recruiter
Deployment Strategist (AI Team),$1.9K,Series B,"New York, NY","General Catalyst, Bain Capital Ventures, Activant Capital, Bessemer Venture Partners",View Recruiter
Somethings Mentor,$1.5K,Series A,"New York, NY","Catalio Capital, General Catalyst, Tusk Ventures",View Recruiter
Clinical Psychologist,$1.0K,Series A,"New York, NY","Greycroft, Thrive Capital, Union Square Ventures, FirstMark Capital, and Tiger Global Management",View Recruiter
Tax Specialist - Subject Matter Expert,$3.3K,Seed,"San Francisco, CA",Susa Ventures,View Recruiter
Business Development Representative (BDR),$1.8K,Series A,"San Francisco, CA",General Catalyst,View Recruiter
Senior Fullstack Engineer,$11.7K,Seed,"San Francisco, CA","a16z, NEA, Prime Movers Lab",View Recruiter
Customer Support Specialist,$1.2K,Pre-Seed,"Los Angeles, CA",Bootstrapped,View Recruiter
Full-Stack Software Engineer,$9.9K,Series A,"Dallas, TX","Village Global, Mantis Venture Capital, Origin Ventures, BDMI, One Way Ventures,",View Recruiter
Product Manager (Toronto),$0.3K,Seed,"San Francisco, CA",Susa Ventures,View Recruiter
Mental Health Therapist,$0.4K,Series A,"New York, NY","Greycroft, Thrive Capital, Union Square Ventures, FirstMark Capital, and Tiger Global Management",View Recruiter
Product Manager (San Francisco),$2.0K,Seed,"San Francisco, CA",Susa Ventures,View Recruiter
Clinical Psychologist,$1.0K,Series A,"New York, NY","Greycroft, Thrive Capital, Union Square Ventures, FirstMark Capital, and Tiger Global Management",View Recruiter
Senior Customer Success Manager,$1.9K,Seed,"San Francisco, CA",Bessemer Venture Partners,View Recruiter
Software Engineer - New Grad,$1.0K,Seed,"New York, NY",Bootstrap,View Recruiter
Capture Manager – Unmanned Systems,$0.9K,Series A,"San Francisco, CA","Bling Capital, Webb Investment Network",View Recruiter
Mental Health Therapist,$0.6K,Series A,"New York, NY","Greycroft, Thrive Capital, Union Square Ventures, FirstMark Capital, Tiger Global Management",View Recruiter
"Senior Software Engineer, Networking",$1.0K,Series A,"San Francisco, CA","Bling Capital, Webb Investment Network",View Recruiter
Clinical Psychologist,$1.1K,Series A,"New York, NY","Greycroft, Thrive Capital, Union Square Ventures, FirstMark Capital, Tiger Global Management",View Recruiter
Senior/Lead Firmware Engineer,$1.4K,Series A,"San Francisco, CA","Bling Capital, Webb Investment Network",View Recruiter
Clinical Psychologist,$1.1K,Series A,"New York, NY","Greycroft, Thrive Capital, Union Square Ventures, FirstMark Capital, Tiger Global Management",View Recruiter
Business Operations Manager,$2.7K,Series A,"Ponte Vedra, FL",Bootstrap,View Recruiter
Business Development Lead,$6.9K,Seed,"San Francisco, CA",Bessemer Venture Partners,View Recruiter
Founding Principal Software Engineer,$15.4K,Seed,"Los Angeles, CA",Cove Fund,View Recruiter
"Product Manager, Core",$3.9K,Series A,"San Francisco, CA","Bling Capital, Webb Investment Network",View Recruiter
Business Operations Manager,$2.7K,Series A,"Ponte Vedra, FL",Bootstrap,View Recruiter
Founding Product Manager,$2.0K,Series A,"Ponte Vedra, FL",Bootstrap,View Recruiter
Mental Health Therapist,$0.6K,Series A,"New York, NY","Greycroft, Thrive Capital, Union Square Ventures, FirstMark Capital, Tiger Global Management",View Recruiter
Solutions Engineering Lead,$13.9K,Series A,"Boston, MA",TDK Ventures,View Recruiter
Somethings Mentor,$1.7K,Series A,"New York, NY","Catalio Capital, General Catalyst, Tusk Ventures",View Recruiter
Mental Health Therapist,$0.6K,Series A,"New York, NY","Greycroft, Thrive Capital, Union Square Ventures, FirstMark Capital, Tiger Global Management",View Recruiter
Senior Backend Engineer,$3.6K,Seed,"Austin, TX",HOLT Ventures,View Recruiter
Staff/Sr. Infrastructure Engineer,$20.3K,Seed,"San Francisco, CA",Gradient,View Recruiter
Founding Product Manager,$2.0K,Series A,"Ponte Vedra, FL",Bootstrap,View Recruiter
Founding Senior Software Engineer,$12.9K,Seed,"San Francisco, CA",Y Combinator,View Recruiter
Growth Manager,$9.0K,Series A,Remote,Y Combinator,View Recruiter
Senior Product Marketing Manager,$3.7K,Seed,"San Francisco, CA",Y Combinator,View Recruiter
Senior People & Talent Lead,$7.7K,Series A,Remote,General Catalyst,View Recruiter
Account Executive,$3.8K,Series A,"San Francisco, CA",Lightspeed Venture Partners,View Recruiter
Mental Health Therapist,$0.6K,Series A,"New York, NY","Greycroft, Thrive Capital, Union Square Ventures, FirstMark Capital, Tiger Global Management",View Recruiter
EHR Applications Analyst - Epic,$7.5K,Seed,"San Francisco, CA","Y Combinator, Rock Health",View Recruiter
Software Engineer - Frontend,$2.2K,Series A,"New York, NY",Insight Partners,View Recruiter
Lead Data Platform Engineer,$58.5K,Seed Stage,"San Francisco, CA",N/A,View Recruiter
Mission Operations Manager,$0.2K,Series A,"San Francisco, CA","Bling Capital, Webb Investment Network",View Recruiter
Mental Health Therapist,$0.6K,Series A,"New York, NY","Greycroft, Thrive Capital, Union Square Ventures, FirstMark Capital, Tiger Global Management",View Recruiter
AI Engineer,$3.2K,Series B,"New York, NY","Index Ventures, Founders Fund",View Recruiter
Sales Engineer,$0.2K,Series A,"San Francisco, CA","Bling Capital, Webb Investment Network",View Recruiter
Customer Support Lead,$5.8K,Series A,"New York, NY",Insight Partners,View Recruiter
Founding Engineer (Applied AI),$9.3K,Seed,"San Francisco, CA","Y Combinator, Orange Collective",View Recruiter
Founding Principal Software Engineer,$15.4K,Seed,"Los Angeles, CA",Cove Fund,View Recruiter
Full-Stack Product Engineer,$4.6K,Seed,"San Francisco, CA","Basis Set Ventures, Base10 Partners, Bloomberg Beta",View Recruiter
"Software Engineer, Fullstack (San Francisco)",$4.0K,Series B,"New York, NY","Index Ventures, Founders Fund",View Recruiter
Somethings Mentor,$1.7K,Series A,"New York, NY","Catalio Capital, General Catalyst, Tusk Ventures",View Recruiter
Mental Health Therapist,$0.6K,Series A,"New York, NY","Greycroft, Thrive Capital, Union Square Ventures, FirstMark Capital, Tiger Global Management",View Recruiter
Mental Health Therapist,$0.6K,Series A,"New York, NY","Greycroft, Thrive Capital, Union Square Ventures, FirstMark Capital, Tiger Global Management",View Recruiter
Executive Assistant,$7.5K,Seed,"San Francisco, CA","a16z, NEA, Prime Movers Lab",View Recruiter
GTM Account Executive - Multiple levels,$6.3K,Series A,"Dallas, TX","Village Global, Mantis Venture Capital, Origin Ventures",View Recruiter
Mental Health Therapist,$1.4K,Series A,"New York, NY","Greycroft, Thrive Capital, Union Square Ventures, FirstMark Capital, Tiger Global Management",View Recruiter
"Software Engineer, Fullstack (San Francisco)",$3.7K,Series B,"New York, NY","Index Ventures, Founders Fund",View Recruiter
Partner GTM Lead,$3.9K,Series A,"San Francisco, CA","Greycroft, Altos Ventures, Forum Ventures, SemperVirens Venture Capital, Better Tomorrow Ventures",View Recruiter
Customer Success Manager (US),$3.3K,Series A,"San Francisco, CA",Lightspeed Venture Partners,View Recruiter
Product Marketing Manager,$5.5K,Series A,Remote,Y Combinator,View Recruiter
VP of Engineering,$7.6K,Series A,"Ponte Vedra, FL",Bootstrapped,View Recruiter
Account Executive (Denver),$1.3K,Series A,"New York, NY",Insight Partners,View Recruiter
Clinical Psychologist,$1.7K,Series A,"New York, NY","Greycroft, Thrive Capital, Union Square Ventures, FirstMark Capital, Tiger Global Management",View Recruiter
Customer Success Manager (US),$3.3K,Series A,"San Francisco, CA",Lightspeed Venture Partners,View Recruiter
Mental Health Therapist,$1.4K,Series A,"New York, NY","Greycroft, Thrive Capital, Union Square Ventures, FirstMark Capital, Tiger Global Management",View Recruiter
Somethings Mentor (OLD VERSION),$1.7K,Series A,"New York, NY","Catalio Capital, General Catalyst, Tusk Ventures",View Recruiter
EHR Applications Analyst - Epic,$2.5K,Seed,"San Francisco, CA","Y Combinator, Rock Health",View Recruiter
Lead Software Engineer,$10.8K,Bootstrapped,Remote,Bootstrapped,View Recruiter
Clinical Psychologist,$1.7K,Series A,"New York, NY","Greycroft, Thrive Capital, Union Square Ventures, FirstMark Capital, Tiger Global Management",View Recruiter
AI-Native Data Engineer,$3.1K,Seed,"San Francisco, CA","Pear VC, Ulu Ventures",View Recruiter
Head of XPLR Club (SVOD & OTT),$1.4K,Pre-Seed,"Los Angeles, CA",Bootstrapped,View Recruiter
Clinical Psychologist,$1.7K,Series A,"New York, NY","Greycroft, Thrive Capital, Union Square Ventures, FirstMark Capital, Tiger Global Management",View Recruiter
GTM Account Executive - Multiple levels,$6.3K,Series A,"Dallas, TX","Village Global, Mantis Venture Capital, Origin Ventures",View Recruiter
Sales Solutions Engineer,$4.6K,Series A,"Austin, TX",Karman Ventures,View Recruiter
Senior Product Marketing Manager,$1.8K,Seed,"San Francisco, CA",Y Combinator,View Recruiter
Staff Software Engineer,$13.2K,Seed,"San Francisco, CA",Y Combinator,View Recruiter
Executive Assistant to CEO and CTO,$0.8K,Series A,"San Francisco, CA","Bling Capital, Webb Investment Network",View Recruiter
Founding Senior Software Engineer,$10.1K,Seed,"San Francisco, CA",Y Combinator,View Recruiter
Strategic Customer Success Manager (Denver),$4.0K,Series A,"New York, NY",Insight Partners,View Recruiter
Full-Stack Software Engineer,$5.8K,Series A,"Washington, DC","Village Global, Mantis Venture Capital, Origin Ventures, BDMI, One Way Ventures",View Recruiter
Mental Health Therapist,$1.4K,Series A,"New York, NY","Greycroft, Thrive Capital, Union Square Ventures, FirstMark Capital, Tiger Global Management",View Recruiter
(Remote) Mid-Level Software Engineer,$4.6K,Series A,"Atlanta, GA",Y Combinator,View Recruiter
Process Engineer - Ceramics & Photopolymers,$7.1K,Seed,"Boston, MA",Lavrock Ventures,View Recruiter
Mental Health Therapist,$1.4K,Series A,"New York, NY","Greycroft, Thrive Capital, Union Square Ventures, FirstMark Capital, Tiger Global Management",View Recruiter
Director of Demand Generation & Digital Marketing,$7.4K,Seed,"San Francisco, CA",Y Combinator,View Recruiter
Industrial X-ray CT Technician,$8.0K,Series A,"Boston, MA",TDK Ventures,View Recruiter
Product Manager - Unmanned Systems,$1.9K,Series A,"San Francisco, CA","Bling Capital, Webb Investment Network",View Recruiter
Senior Android Engineer,$5.4K,Series A,"San Francisco, CA","Bling Capital, Webb Investment Network",View Recruiter
EHR Applications Analyst - Epic,$2.5K,Seed,"San Francisco, CA","Y Combinator, Rock Health",View Recruiter
Somethings Mentor,$1.8K,Series A,"New York, NY","Catalio Capital, General Catalyst, Tusk Ventures",View Recruiter
Senior Frontend Engineer,$3.3K,Seed,"Austin, TX",HOLT Ventures,View Recruiter
Head of CX- Billing placeholder,$26.0K,Series B,Remote,Blueprint Equity,View Recruiter
Senior Backend Engineer,$2.9K,Seed,"Austin, TX",HOLT Ventures,View Recruiter
Founding Growth Lead,$9.1K,Seed,"San Francisco, CA",Tribe Capital,View Recruiter
Mental Health Therapist,$1.4K,Series A,"New York, NY","Greycroft, Thrive Capital, Union Square Ventures, FirstMark Capital, Tiger Global Management",View Recruiter
Somethings Mentor,$1.8K,Series A,"New York, NY","Catalio Capital, General Catalyst, Tusk Ventures",View Recruiter
